public_view_key,range_start_height,range_end_height,message,txid,height,block_hash,proof
7804f957c13215e6c98d54c443d16d36e603ca8a4c81ced9e46449bcbd7c6696,3475510,3476208,Deshe was here,f40bfb8b6631e246e06964131c5c053ee0a32a7272189eba3753ed421bd05892,3475747,546fac172f33c3673cb03e49f7d5780a84b43d30bce848d21e29508291bcc599,InProofV2dN647i688JwNcyAMBrJssgMzoXGBfAAiC8eyLFxpESCTYZC7s8akhQfGgzfrRJuXvDFnT2p51pnMvN99oRzh1cXjFHGk5zhVoiYA7TtFwhBbgGUkvTW5BzEnvfq5RvuUNce6
7804f957c13215e6c98d54c443d16d36e603ca8a4c81ced9e46449bcbd7c6696,3475510,3476208,Deshe was here,914ade64fd15e0089a055c04a1b3a4f331da8237b51c382d962ba91869649106,3475746,877d60776ca8d218b7e666a6bab39810f1d13ab8cac21bfe1c0bab6b0d8b8f54,InProofV2ZBc1FEoMZoh28hoHmKRtP6hH57DjVKZiZMKVSZdAyUhAKM9pftp448q6FeLLy8dp1MV323hjqMtCGCbKZE7QiTC9MMiWgKzYaJeT3NgvZ8c4Vqa6L1T9sJHdt4JfqNV72Wjc
7804f957c13215e6c98d54c443d16d36e603ca8a4c81ced9e46449bcbd7c6696,3475510,3476208,Deshe was here,907f707d5d67cb00085ce726e51e4b0a61a8755bc9e8486946101f98a81f4549,3475744,ad5a30ad6c87c5a4bfef7d47d2271d113a506c8f841e85b04be24ba0b5c4af44,InProofV2B7w7D47Tz5eKavVSsFwAKyVXZ62MtK54rRSuN3sdzXsQd4e6eH2kiYBdEjiZLQq8obYQZx5LTbTEqh1WfxQcgMuG9yo6XSYeuhL77kHHMaNhQ45YAPKTHPcJEYKjPH3P6HLQ
7804f957c13215e6c98d54c443d16d36e603ca8a4c81ced9e46449bcbd7c6696,3475510,3476208,Deshe was here,d1c27b1af43ae5bc6aa2c86cc2cd91c093d608b5bfccc61f4e96af631f63f781,3475743,567cc8a42cccdc10aa55ac868b67c184cd5bdbb5d1d7e79cc092d89c3f5aa93b,InProofV2EHX3AYkY8wYTis5d3xj6hGCtcmDPoePVh4VNrnSSYRR9Q83REpMZwvd6Y83pwimKbATKsTvQs18RfhwFQU2n99E52mS7Zg1tTK7GtJkydKKj2bTm5vS23rECmYXBEnGtxg8G
7804f957c13215e6c98d54c443d16d36e603ca8a4c81ced9e46449bcbd7c6696,3475510,3476208,Deshe was here,6d96d17fe972a2f4cd05ad170cf939ef4f9873f5afec36ad6e7e72fed0d979e1,3475740,3ddbb7b13bdd3d4caacd25208a4b79207cdb2192facef44e7f8ed8219488bb37,InProofV2N8CbkbPanmvCkywJ1WkmuUj2KAeVeeDgCFXo4NJhJDt23vUS42c88pxhEcZH6AUsLoSX5sgGrmj4m2kao9AVzYiRZ7JrBE6bsQGdfMskVBtobWaK62ei9DVsq798gEhsRBur
7804f957c13215e6c98d54c443d16d36e603ca8a4c81ced9e46449bcbd7c6696,3475510,3476208,Deshe was here,d2e65748e839c491e72c2e1f402c6c0da02dc50c9837be1b94416fc218b31e14,3475739,77fd25606a94b6ebdd1e0660ad45a58a0eb28136c61fd14953044f0cb371b9cc,InProofV2BHTbrJqbsinYQ4PxTTMLxv3JMT5Q6pDZQJ1hH7qAUCs9EDPQAWqT7jhFUnz7nqxqdzH7yeM1h8drcZvxnrxKtC6fQVPNDHQj83rQD58VCshqBE41FnRb5EyUvjVLj1HagG4H
7804f957c13215e6c98d54c443d16d36e603ca8a4c81ced9e46449bcbd7c6696,3475510,3476208,Deshe was here,3d3742d907d4ad4a8456472fc94e7b594bbcabc524e2565943ed8994fd8d9483,3475738,5e1eb3cd6e5de04ec61adbc54fdcd8adc8a9b790c2a6d9e1a1b13361b37ed5e5,InProofV2Gi6eArJdRckZ4Cspc9wBqD91vNkVHzp4uGuEGvYULGMTgwi87B4RaDk4sMJ5uHc6NHJHtVHBfxKGSAp41ALP3pab6oQHsHWZuDnXZwu2vyg1gJ2iPeEYDfsDYXDWkmLipW3v
7804f957c13215e6c98d54c443d16d36e603ca8a4c81ced9e46449bcbd7c6696,3475510,3476208,Deshe was here,9f009dd7e06d9f08e232386bfc64cc9ab1b4986a87b7091cb388d14a5dbb4bd8,3475737,8976a4c97452745f576edfe08684488674aef5e8f561371e86aae50debf7c26b,InProofV2Wk7nq4AR8W2ZLa7zWQpRUiVSK5Era277U2jWZJ9vwtUxhomGMQTi441YkPZBcpj2mq73V2PR6jjJd3LBpf5Ggy3pcd5q5zynGg426KKH8epgtSTf2MjFRf9NFcrYdj9mMZhL
7804f957c13215e6c98d54c443d16d36e603ca8a4c81ced9e46449bcbd7c6696,3475510,3476208,Deshe was here,82fcfa47ddf57801a073321d04915140888895e0df22c9d98d605e7a9cb650f8,3475735,8eab9cbad9edcd556df980cbc9e18408fddaec0fb30e17486c4add97ff501bae,InProofV2ifaahp3L6d9AhFsTQ7wEcyFwmcf2mAuF2P9YoG3yWRyH6SBoMijy5MuCgjasq1MmhPaZ73kFyMutPJXiph8gvZc6P7CJexf1YkvBztyD1MTKbZ2pH35B2EHFcD3GbxqSQTis
7804f957c13215e6c98d54c443d16d36e603ca8a4c81ced9e46449bcbd7c6696,3475510,3476208,Deshe was here,a8bec6b888673a56b2662c4df523cf1c3c8da7607ea0be670bd084dd75ba28a1,3475734,9e962cf63cf7e4ef39acb7539cd5a4f722e798d22070b5f71b44b73837d7eaa8,InProofV2CCHYBsgkMdUZ5WKsLLbFZf2ug667HPXEAQsY5qPs5yH24PE9YXw6KvvJYm7LeQ8w2xd82rpBnKcpPZe8oT92vF6Qcadfq58iFxM6hRvJKNh3hqc7p7U13sScydZzLA6ohhQt
7804f957c13215e6c98d54c443d16d36e603ca8a4c81ced9e46449bcbd7c6696,3475510,3476208,Deshe was here,b1fdbe671a54c104a152d524d8206781ed4bdaed86c3385a839ff43fc3f26514,3475730,f717f65897dd2655b354ba8136b21e2727f5e0e731ac051ee75b79cef64ca9cc,InProofV2SYzPPWnv5hUgVNQSLk5stkB2gG7BAx4LyGxRNvTaCWgnRFQL2nEzvwRD9ievjF26bNahss6p2E7c6Qw1t49M2kFd9TRHrEVyoX32Utwj3EWVAqQs4X8Nf4HmHWDNo7NWPxQy
7804f957c13215e6c98d54c443d16d36e603ca8a4c81ced9e46449bcbd7c6696,3475510,3476208,Deshe was here,fd3a7ddf499912c9630ed462b389a5fe28074b5ded80bf7de4494e3ce2824d34,3475729,6f2867af276caf6d4811ecbb04382203473029b6d38324c80ea37fa912e9f612,InProofV25WKSZtMwKB24oyqV1cwUJ8T4ceMaPJ5LWBHqEnMy4km2bncXM8Myy1Viws3HkxwrC31ZZwfSmuVaJYEDZHaFQ94hET6kJnP2unUKLPE9h3koFJf3X6qUa2mxXLsVmBJbDfRg
7804f957c13215e6c98d54c443d16d36e603ca8a4c81ced9e46449bcbd7c6696,3475510,3476208,Deshe was here,7d0dc0ddd0236d57f38817adeb55440b65b5091d2902826ef64ffbc5a27a2bd9,3475718,1ddfc33565416e9435efca3efcc9400f244c4b8cabd549b9997f3802053f1044,InProofV22zxr5ST5twPZs11qJe28bPCHtSnMf1vdUAUCPZXL34bnGXsQvumJZREJT4ksJKJVPeFgeBtihXbUK43P28HaXyPeYekPnmC9Qu7MAupNDRfLJwgakpti1BAFt5qJVBRD1LvQ
7804f957c13215e6c98d54c443d16d36e603ca8a4c81ced9e46449bcbd7c6696,3475510,3476208,Deshe was here,6383f80af2dad7f97483a12fd85321ed81a7348b5263828f8d5e3458011535dd,3475717,968e88459cf954af03d25e85fa568bf67adb579a3f7e1f3ec7c1b52e5307e185,InProofV2fo8DjKJaELo5dVT6pkiPdvZaxWJ1zJxui4diZsCkhscN6bZmp9RuoHuWuQpFvMh3f4NGLkwNNPrXMGbHKgWkYP7fjGkxcvLpWGxPrFLutDhFrTMRCTfzGgfK7ThxEToQaUuW
7804f957c13215e6c98d54c443d16d36e603ca8a4c81ced9e46449bcbd7c6696,3475510,3476208,Deshe was here,da2bd41d2e0099189be6ce58d3a0221c404c70354ef9c628467b39a72b3962bb,3475716,8091d3856fb482a8a9faa129c2642a49e74af1290ff30cd29673375c21625133,InProofV2LUjoBNUFBokjA5Jo6EMJcURHBaNi2T6NzdCh4Yygy8FHaAtyVLucqigavipivWnuEw7kxbeFJsDDJgKQ1cbGkhpRB2guB5dgNP2icpNLRQF7JuAqLsAe3N3emKyN9ygTFYVh
7804f957c13215e6c98d54c443d16d36e603ca8a4c81ced9e46449bcbd7c6696,3475510,3476208,Deshe was here,d81387b4ba7a30a793c7d2b4fece47f84da45a06685636dced5528d65bfeb860,3475706,2aea939a08f4b2fee6d4ca6610391cad16a1e91a43356f8f70ed620be0032127,InProofV2dE96xcD43jFeSB1o69oFvXW8Nn7qZq7534TnqaJVhW8A4sZQYijRRYRaUWquSUaHcY58qLhZf51HsE6JgfSnmwTyQjGtQfvqPzeLdEFvaTKKYQNFX6P1oobuMEtRcWMhP52A
7804f957c13215e6c98d54c443d16d36e603ca8a4c81ced9e46449bcbd7c6696,3475510,3476208,Deshe was here,87d5aeac843cac0d4400e38143e006e3f9d7999fef023066572228a0f9c3199b,3475705,6a049b5e98caf6bab8bae790153e7a5a519cffbde0001c2338381e0c8d29b298,InProofV25gwKEtD3UtNDxQH4yiiZMU8AMC7b9rPx4H5seqyMsneSQqsuZpoZCyG29QRjuvGNMKWqwTDiKrsTcgR9RiRRJ46MPmg7BnTkTaHgB3qe3Rnm3h7yTR88hB4pzVjikVUryLhY
7804f957c13215e6c98d54c443d16d36e603ca8a4c81ced9e46449bcbd7c6696,3475510,3476208,Deshe was here,fbd1bf087e8dd6135a376e945137f234d3e6e982c86171dbb73abb25acd5506f,3475696,eaf561cc21e79ffc28792af06b6edc0b6a29d23d88a429401aba310473dd3631,InProofV28j7kaLcxXrdPeThWcrP758VMSJZfzCzfcdq59zT2jjY8gGLecT3Mr9c9LCqLRkmgjQ8kYvonz91eHWBhTsixwWz7C3vDBLMYqgkACSmD2GkM61LDsHuhtNBA9QkvhT7KKHCV
7804f957c13215e6c98d54c443d16d36e603ca8a4c81ced9e46449bcbd7c6696,3475510,3476208,Deshe was here,57e1b8f01e1c5d9d6f040871e38e5630e11a44ca00018fc841673204512126fb,3475695,61f7ede2ac9b3497ae43bb6df4117cf5c1fcff4373dfbd861738d2e609338ff1,InProofV26d49aWF7KhNbg9wiWpuzJfFd85dTQtxxbUByX1heTdKL3jsjArd3tvdYH9gFuUhaiP6AKZvhYEJnn8zfjyYbsRL5fbAa1vgisSCRKNLWVU1HjEXsB8nxoWPBu1EUSktd9cVY
7804f957c13215e6c98d54c443d16d36e603ca8a4c81ced9e46449bcbd7c6696,3475510,3476208,Deshe was here,aa9e6d238f01bf8255e8b4b07a6bc53c6ecf56e0ab6c454e0c8edd76a905bbb8,3475688,b804629ea82970d37a7fc0bfe69265a905eb6bf83f01fea0ad1f772e229dd3c6,InProofV27KLcWLn5CmVgSR9icx7EbZ9Mxz9hy6DYEQGXk1VD3h4iKpffH5rrEn3EyQ9bzNqKmk4mrSmc9GyHJPKgro7nvhRRbQzSGzgQA2XM3nT5kjk7w1Mcnc7eT5RzbBbBXnRr2WRD
7804f957c13215e6c98d54c443d16d36e603ca8a4c81ced9e46449bcbd7c6696,3475510,3476208,Deshe was here,18e4a8392d104e358264b1262ad42c292d87f8fa37186278949052ff7ae7d198,3475687,64eff3bb765d98de7a83bb0db683480bbfe422e7476fb26645673e5fd6f0500f,InProofV2jJK3JPgrKN7RWPQfncayRnU4Q6sd2SadLbC25GDsVdyoG3DDzcBSJJuAgKEiwtaJV69rdonTCvdAn6HsjKNDKZ6s61qwLjJgLDaPSSdGN1tX2tZ7yy6QUvoy2Vv4pJT6wAPA
7804f957c13215e6c98d54c443d16d36e603ca8a4c81ced9e46449bcbd7c6696,3475510,3476208,Deshe was here,81a54d035c4353d4a24bfe5ceca670c635b6643136911c3566f3084e4a11d500,3475686,b0da0fe92061e1c857d65db38fad41f7cc8cba5a322cebddcb8e64148f5fd289,InProofV2EhrT5Ru2feg5npJsoRjMDTQ9T3tUm5fnSZsCNyBQsQ9xiz8BPF9eBSC125Hnww3qWSd8j5E2dNqD5MMatetnmEXUc6TzvEZn2VREdTXfcDeuwe91VabGn8T5Hio4rEPBgqPJ
7804f957c13215e6c98d54c443d16d36e603ca8a4c81ced9e46449bcbd7c6696,3475510,3476208,Deshe was here,38deacb0ad6c60d76f0690567527cb349683715363ee6c4079c315e2a9412602,3475685,94e7bf6d98dad1451b8952a4f84e0217fb293c403e8de83b48cd710b1a4f272c,InProofV23rBrsTtz6xZUrAKoQtNEJ3eF45AFicMphHqkQ8565YLbHbszchc8hkkGiy2pasrsPtDdXojahxhxD5YR7RnGXyBdcGCUUYFKgFK5vtc1pjEhiwLFPd25hsRyb4Uepyy2i5GT
7804f957c13215e6c98d54c443d16d36e603ca8a4c81ced9e46449bcbd7c6696,3475510,3476208,Deshe was here,fc5fb261ad39916984a93c70f94c02feb636eb8761c96a90242f9a607ee50149,3475681,1cc657c7ed0120333c7ac3e69b3dcb63617eee388148065ea0c1ee9d880ffaae,InProofV2LdKFAQJL1LHAZJB57BF6rH7PRiFMWP13naA47wiWUSYo8CKb51taHb7Zsfnhor87SW5evVJN63pv8cZaPcXp62xwAgXZoFhzKsyRjuPKrmntY3JEMvtpK2SkrLEsSNJXwA5i
7804f957c13215e6c98d54c443d16d36e603ca8a4c81ced9e46449bcbd7c6696,3475510,3476208,Deshe was here,b773670bc2d6a47655f0a6fa9397b96c7e5d080f040eb2cc4b7b693181317772,3475680,3617bc7830015789a896e6ec9e5b92836985084de7d28f61d6cf5c236a48e41b,InProofV2Ta9yMo7t15j1m2V9PMrGxbK7VtA1KXrCbHxSGv8BAYN79PPVXfETS1YcZEHKesrF1xLTX6GXWyeXfjkSWVWVecgZbkRUdonghfob1h7JmPyiC3KeQiyEyRyym1KkqmsPqBxE
7804f957c13215e6c98d54c443d16d36e603ca8a4c81ced9e46449bcbd7c6696,3475510,3476208,Deshe was here,36a2637bc341b865e41786eb0143bb318c0b2880a93229ecf9a3cc13f895778f,3475675,155409c3f404cb2254037838b91833e15af0a6d029e69ab6feef17b307d934aa,InProofV221ATYH5GiJ43KnMMsScd5DcCwe3mD2GdXfBdmXsQMN2gMGXsfKi8RpkDZSYD62AqrM1NB6E8dg1U8PLhbgzdyf6m4jjew2utbJZ3v7ampUVoXfNuetpd74XfJZFqX5xe75bW
7804f957c13215e6c98d54c443d16d36e603ca8a4c81ced9e46449bcbd7c6696,3475510,3476208,Deshe was here,b3761aab3584675f2a09b3ca61950f462b4c9caa41957cf0c9aa3654b8936053,3475674,5dfc167b5fe86d695830bc8dd3066f1d5f2c901af907c77252cbd4a146e047f8,InProofV2MJGGfGVtW5ugp1KZWYd7iWd8v1kCoAw5RjmLCZDzpfSKPXu54M5PiUhcBo27LLAQ8WHdpH9K8vjtXJvFEvzythM33GQsb6LBYsFZutPARcsDFk24YJW6bvbbK6TCZLjTqZiW
7804f957c13215e6c98d54c443d16d36e603ca8a4c81ced9e46449bcbd7c6696,3475510,3476208,Deshe was here,82d09c0c60bc4fcc3f00edf44fb9fa0a922921f2747d9a6ed89dd790ec443e9c,3475673,f567e18ce414cf37ac6539453fa63d28d0691c508a92198fc430f6e429bcd80d,InProofV22E1oJCAiwqvbyr977daJLaJ5Zu9NB5vCGBSksikYuNMUHCaDSv2iXPkHBij5sAnX7xP79ZtxU5ESvVfjVyTrzUqiGgD8dWSgPePJwprZitqihDM6aVKTgbUScDz8WJWvAzeG
7804f957c13215e6c98d54c443d16d36e603ca8a4c81ced9e46449bcbd7c6696,3475510,3476208,Deshe was here,1b20948c92eef4af43e3c9d405cfa820cbd4275dfd6855c966d6bdca2e402d49,3475672,36c099e7758bc2e74f8dc5d1d478b03e4e2fa71eacc8534b01032e224607278c,InProofV2ExKp2o3t5p6TjyvvJRwqobGEaJfnFUs9cNVrLaVeJ93mQBea6DqBGbtcx4VfBw2jMv7MLVNKVkebg6PPYSvztLbzY2LxkmNvityFjV7qmkXq6jYd27S8AsmPaANv1JvrktCt
7804f957c13215e6c98d54c443d16d36e603ca8a4c81ced9e46449bcbd7c6696,3475510,3476208,Deshe was here,cb03458e0f69093a7130f4cc80f2ed8eeda10205df6550c9c194e2bb95d7f887,3475668,cba202170e4bca3be790b09a3e454b017a4f2b9c554702b5b02b0f524e8f1b56,InProofV2fSxymWwAYXAFe7u66kbGXnRfdNciZACJc1E2MUR8BRHg3hrFMfuPDVLR31op2xPQbZ954u1RH2DEyA3p4fbSV3RbFJjeswNRnMGGgduZE5iconGeTnGBvn6hRUqNcZbL1YMp
7804f957c13215e6c98d54c443d16d36e603ca8a4c81ced9e46449bcbd7c6696,3475510,3476208,Deshe was here,fadd05a5b902e23a59578ffe5a485abb472a49a149049f28a94aa3346a6bc607,3475667,d0de379696cbfc6cb5d468c99388d7cd0c40683fe911a569b0b17cfa68839098,InProofV2ChLq5RDz43M6aDFCumGNi1DoVuPaJY8U8MLnuWydZkW59g61yjXZ3XPM3kRBCNND9dVa61MaUgBEFTMngd8XWgUd1kzYr27hUk4GhE188dFTp6RofGNVmbtA6gmwLgyT8Yjw
7804f957c13215e6c98d54c443d16d36e603ca8a4c81ced9e46449bcbd7c6696,3475510,3476208,Deshe was here,d6b0db4a5c84771b9412e909f9d6e820447ba99a4596df7a6e712c1e25a78149,3475657,839b93acc87f427f281b16772295af2713b57af875929334fac8aa6c25ab2dc6,InProofV2g1R1DN5v5fDc4yM2ApYGUid7jnkRhNaWFG3ePAZqELgbYN1qRb4PWxASC4DDHkhRXPc5SSpxUTWSmd3jPpVRZaRvGht8g84gFQ7KHgaxypTRb95Tkca4tGXPP29yMx3kCTTG
7804f957c13215e6c98d54c443d16d36e603ca8a4c81ced9e46449bcbd7c6696,3475510,3476208,Deshe was here,8bf16d58db7bb77bee87c6e1f0259387abf8163d1ee8fb841bc44323fb8e6d61,3475653,ae323d6042d9390e7939e0743cb781d9dc82372b7a45a072dd7ea5d6e69f84b7,InProofV2Vk1TDskkPSbFyCUdRpgMoeS6Pz1cqLjDXa1ubfPg1gZaTCssBWxK57t9sE23t9x51Tde14mPuPQHj2jfMCWKwF3kF7aEstRksJd4JngEXrBYF4VEtPMPDBSkTBtU9i1uXzbR
7804f957c13215e6c98d54c443d16d36e603ca8a4c81ced9e46449bcbd7c6696,3475510,3476208,Deshe was here,ed157cd3075e75feeafed61b86866259545acd7eb9432d6dae27c4dcf2ec8a9a,3475652,16d17a10f553bc6608c8293f11496d65c22f201a011f68c2c3137d0cd21a23ca,InProofV2g7ZbeudfM3jiSny5MK1rRr68CAiZeRR2yfWWByFX1WoZB23tmBJenQv9QR4eMB9yATM1oGqbP8GCPdmXzHVTVo7uLvinRCyvLmjf8wnzhcR4a7es124wGbFiPCCoeD2g6ESq
7804f957c13215e6c98d54c443d16d36e603ca8a4c81ced9e46449bcbd7c6696,3475510,3476208,Deshe was here,71d7406bd18df669fde323a8fb0b150316d676d68b914f73ed4865fd62262ea9,3475651,ba129c7bb5e6f9ecd4fc8d187793439ae4cf4d2b6fce57a9bbc9f04b800a6793,InProofV2YMEPA56qE7ZT93xFz2A9EF95xkdeQyYvmAoGo77yRmTG7JVBXC4aVDGYuzgFwTBry2GRSvsw1BUWyQxVzeZ7m6nf26MpwLhwaYjHs8GekF9gnfbbx7RU1wh8UdHFUqYQNceT
7804f957c13215e6c98d54c443d16d36e603ca8a4c81ced9e46449bcbd7c6696,3475510,3476208,Deshe was here,2950fb037989d932e5854d37ac126ce65fecb22b9e2d5db5ee5be68a983f2ab9,3475646,ee5a780ec698fa62fda307649c1531f6ece529a496afa1b0763d944da843bff5,InProofV21tPoB1dazrq4nvkUCf58Tq1zePFXJYMC5dEevPAk73QkEXu322qKQLsM7ZcTjGHuByhGk8ZWAL4fb3VJ5etHWRm5PVSEbGd8TQuUqbaWKnJR3kHmQj7ErhJ6ycGr9MAj274N
7804f957c13215e6c98d54c443d16d36e603ca8a4c81ced9e46449bcbd7c6696,3475510,3476208,Deshe was here,d292d38c2e135cdad584948e56a846488019311fd4bdeb421eace6ed5f350d16,3475644,44aa86186d1a07929639ec3191e6b428bac66a129b0d0c14baa08a84a8e212d6,InProofV2B6dfrBUqkk9FiUT5N19FTeSba1X9hK5dXL2LF6KNXruKGUPQAwEDkoRGJyXohFDRBA6grYggpcfGAd8Cd1gXfetG2JY6ZH8S6fDLfBBtoxr1x6TaRd78oyguKC8HQp19jTvC
7804f957c13215e6c98d54c443d16d36e603ca8a4c81ced9e46449bcbd7c6696,3475510,3476208,Deshe was here,359316346e501a33f9885ae2b73e3ad10ba97426a9f6e44da51e28ef5a3e66f5,3475642,b4571f5bb8108aa4127e0db3a65b03cc836ceb3b1025731f3a1af05c4d28fc4e,InProofV2BWqogu2BKiv9QedNwkv9HwMB4BbCcF1AnQRyTp6QdamM4vWbgYcy5HkLpPLsNGRjUMa8iXN88fHnSUj7nzUkfYe4JRE8P6VNmTaJdzqNDbwGo69uahkgbb1D7gGCUN4mbJc5
7804f957c13215e6c98d54c443d16d36e603ca8a4c81ced9e46449bcbd7c6696,3475510,3476208,Deshe was here,39084796ab65a8017c4c8a9adea62e911f2afafa55d47244d0a26b5f7e4ffc09,3475641,933bbaea1cfc0e4bb0c2e30509fea80960355ccee7623d2f3bcd33deec794a18,InProofV2ML2K21eUJghfo5bBdYt55UAgNt6RPgFgrVJgog9Jum3mXiJXYa8qByE1VimeNEv2JYfGAaCtviYXg785ipWmmfMZbVFRedwVfsHCd1HgqwK5SpcxJYjX5si67MwSWafQVohi
7804f957c13215e6c98d54c443d16d36e603ca8a4c81ced9e46449bcbd7c6696,3475510,3476208,Deshe was here,b4b819f76baeab0078e48cca2f867a4ae4ec03c66ff9c75c2fe7729f76c68e44,3475638,390cb1e20acd4da9323721d5e500a07884736e5f6e50983d222ea913d7fea3b6,InProofV2N8Di2wj8RuPJbs9izapJceR6L3k5R4idZP7rHr9zDeGkV98ZWJYySxYZxab3EKFexBG6tuJXd9gTFRifuhpdoV6XPh7p9tqdGKbckcXvHhWWEWYX3bjy6MnRzfRzGwA4KRv8
7804f957c13215e6c98d54c443d16d36e603ca8a4c81ced9e46449bcbd7c6696,3475510,3476208,Deshe was here,ed0e88dea3b04f3f44e56127d5f283256d243c24f1cec68f81254e49a1315861,3475636,6a663b61860c1a514f8008374f6254be02b9b7335859b62e3c468abbefbe1f07,InProofV2b3kz4pAh8qUXfWVPD4c35MUKJ4eXnVWsR6gTGMwnmrqkUBto3sCqZGe3BBnoM8iuQoKotYZG2x2DJ3PwNx3Y6jNjFwZMBz9pkiSFQP3TXLGGGyK6btX1ZQv6kj47d8H9Dd4e
7804f957c13215e6c98d54c443d16d36e603ca8a4c81ced9e46449bcbd7c6696,3475510,3476208,Deshe was here,e8b42207578d91c318bb9d9c55b312fd24683250eca89d9b1e3ff3a87f1dbbef,3475631,c31c3668b219c51ab8d8b3d1b9bcee9ff415419eedbfd12c121ceef95fa127a6,InProofV2SXWQGfW5rvKPh1pfZv4yRKSuWRGFJDqgG8NtH8RzpJQcPQaA8xMPMGa3AFV3uNBBpa4CFrwH33gT4TyB8fReNPdmSnZZExz54V9998uYCiPZQGUU4TAJW5QY8CyahEzpuGE5
7804f957c13215e6c98d54c443d16d36e603ca8a4c81ced9e46449bcbd7c6696,3475510,3476208,Deshe was here,4c46e32b6234bcafabdd5ba76bca0f4f0406daf209f09caa00d57d4418d9f531,3475623,4302e929f76c850bd0a42608c03363cd859c1a9ebdd9f85cb43f195ac6a3b755,InProofV2K7WKp8EQwR4VDFLDAL9KNMjKRdgZ4Z8uWY9uJS8ogFcLVFuvCMuUszWFqCTmCcXrswc6SEAeSTyUzi35AqrscHEYiRagW8UzdkxdeQF6kFns133pRZQBvfPFiKTck2hGKjjU
7804f957c13215e6c98d54c443d16d36e603ca8a4c81ced9e46449bcbd7c6696,3475510,3476208,Deshe was here,004ad051daf0f1870ba3de73a58aa0cdb6757cbe69177c16e693bbfce8ad8abb,3475609,e06e4d143b9d03527d9e89bc9c05da969a7e2942c7f46381b066a76fb992c172,InProofV2ahAPZdZV47u6pBiNzG7ChTWzPMRKbEvWh9Amkt3fLKUY1EXv1cRgc2Dbfvykccnbn6Dy91H4d1HxRcdPryinmqR4Qe8AffLVSCc2RGcQaAWZ8ZDSNx4ZvxELEEVdrZZoJKoK
7804f957c13215e6c98d54c443d16d36e603ca8a4c81ced9e46449bcbd7c6696,3475510,3476208,Deshe was here,0d04a77b15730359685380798be30793c0080d320819ba8c9d165215c411e2c2,3475608,5cc058513a102b02da83a9f6dd76917176ee8cface9904ad895da60aa5efd106,InProofV2WC29TNi9o4LHh5tH6bGQQihpjexoxubUxLvvDrhC6i1yMPdNmuv4AzPJkcuM4f1FNZ7ipPavGZ2KcQoztgHgfAr6ESuMnMpGoJFFBp4qAfigbbLCAcRmfDt78QqDoWMZzQhL
7804f957c13215e6c98d54c443d16d36e603ca8a4c81ced9e46449bcbd7c6696,3475510,3476208,Deshe was here,d11414ca9029666e8db84c11be84e40389c7eea8d6c045196b53ce2d6ca841a7,3475596,583ad7e9ddad5fc381db690bc7a6c8623a81d08d60862b69cace4d43e4e384d5,InProofV2Dp2L94rx4zQKQpyd3nKQnb5z2WDAAoTSmZcRyVWryE5vdabGYFQRyLnELviaJuv6WjiVPkvgwxP9LSSkjtz9riMtBrUXnVRYJ5V25LFeK8QtXKCUfVYtSspJDDhCTmrmNbCK
7804f957c13215e6c98d54c443d16d36e603ca8a4c81ced9e46449bcbd7c6696,3475510,3476208,Deshe was here,88fee0432aa90f3173a07bc3dd9a0f71cfc0812fcf875272e839cf5332cd7443,3475592,f68939091a008b26a49c1ab1e364a58902e7007b435e8543ecc3c639cc232e8c,InProofV22NEgUPcKVhnjduBcEx8jCbidHRuMaM5cq4Df4xk4shkqe3dndHHxWrMABhMVGDAHTgNNSVQeDWMGsZMh4VNZcF9j9jD4FJ15tWi1Y81LUy5jDJUqoCwobs2dJB7TjKZs91hL
7804f957c13215e6c98d54c443d16d36e603ca8a4c81ced9e46449bcbd7c6696,3475510,3476208,Deshe was here,eedf6c994457bdf9bebf3e45fb224cca8896282d51eeb7056eda1db34932cc46,3475591,b21c0b5254ee43c2f1961bc3475f0ad558e1ad13e49214f41b3326af4f074427,InProofV2SSxD6wWWHhyZeGnDfpGGjkEyvThgXmHD8LnQ8jsvsQH55gzHRmMsSMz3KMEtFA7oLVNDtgWJAoBXj73uDUExS9fHapnAprKEJ5J94p7VS1srNY6YphqZ9EcEyWmMRKNoeB2P
7804f957c13215e6c98d54c443d16d36e603ca8a4c81ced9e46449bcbd7c6696,3475510,3476208,Deshe was here,bcded64d2512185de4ede8740f8d6172bb7b2aabec8e8d6022a6a99ad6675159,3475590,99258a8b757f91d67d0535f3e0e6ce0bc49cccbde990b66a6a7d6d277209c5ee,InProofV22rKTFDsvDhKPieHwPZdHXECfXk7YTiZxciSpvifEknZY25xB48YXDBa8WBrnG9fWBm6ubPxycqrYjcCJk8z5foRQQmfRHzZDLr9hV4DMcHrn9sAJ9SZg5SZa2H13JNJwKr3c
7804f957c13215e6c98d54c443d16d36e603ca8a4c81ced9e46449bcbd7c6696,3475510,3476208,Deshe was here,a4ed2caf6cca7d18d194ff36606375375808315f84c2670c078f320316436031,3475589,6b1ecb721b2a5bd6f5db9076abf14770092777683d6d77bbd14df11044feae6e,InProofV2XFf5o4Szb1BKCG9ammSggyGvmZ5QDSgfv6ej6MmkojAWXTYYNBfYJsS4ejBVHguCRh4JXC3EApdQTgMfXHDuRgv5dBD3miaPfV6M6dpbzZFoPXX9sGFZPngLN4ji9KHHMqau
7804f957c13215e6c98d54c443d16d36e603ca8a4c81ced9e46449bcbd7c6696,3475510,3476208,Deshe was here,c8a3d0512bd6c37cd363f6e065edfc19cd080c2a16cf8704f7f9a1806425abe6,3475583,781e26c98ead6942376d44b1e226b07ae51ca3c72cdd5377be15b27486b170d1,InProofV258GVdqzntc83Pezh4ENS3eLGAh1GQoqA4VFHpaJhscmz29SM75XYETXdrj88Jp3L62DvDsA9awYxvavgfJ9GyTsQWrd3PjkSbMuG5Xir2TNWGLbsXrHCzS9cSRM73cyAN7M9
7804f957c13215e6c98d54c443d16d36e603ca8a4c81ced9e46449bcbd7c6696,3475510,3476208,Deshe was here,c7a1ecda5feb6309421f84803dcbad9162384960cee6d9674f15fb467b720f5e,3475582,62a32c6665c03aa8bbca823e979710df97f23c7a97b1632491fb5285a4f688d2,InProofV2ZXX1QZ7BgV9CPXCghXmgajLEdf7Ufth4HfDeS3UZZezp9AFp2LqC4aMcvDbVKxdX8eZv91VBuUhAg9H8nnD4QRoqAxz4tCN3tShYxEmAVugqQyPF2UQZKMNwV1ShBM4ACuaU
7804f957c13215e6c98d54c443d16d36e603ca8a4c81ced9e46449bcbd7c6696,3475510,3476208,Deshe was here,475396b23aef3b5084c0859591a7afb53f6d6f8394c055a5462aa8b361cde73f,3475577,173399b1cff248485277221056e364e7a4284b18724bc7d69235b31d9d2223cc,InProofV2gEUj1Zwikd4Hftp7kUZp3HGFN3TNpUBBP1BB4bx78CXPZ8eZR6TEqsh3XjK6ejwpDs5ZiKB7nnK5Q5uXKEDS67ckAuzyk8EcAseCn6NdLE4xEu5eLegM8dCn78vrADDZGVHW
7804f957c13215e6c98d54c443d16d36e603ca8a4c81ced9e46449bcbd7c6696,3475510,3476208,Deshe was here,d07c2a8a0f4c94919df6b15f2147754d007f369d603a005873a7f992c48316db,3475576,1d4f804c121ca9f9b2ae3c0e22340731fd94e64d8898e05799479c8656855517,InProofV2hD6XWWFM7fK54uPtwFSrpXEmrUoDj6jH3492oZQb1eMXCpFGfdQ4yxBj95Do4HJxqU8mW6kkJM3y43qcUXsPpNr6L49gBeNgpc7HEuyHnzta5ago4e8EznT1tB8oh12mVi7h
7804f957c13215e6c98d54c443d16d36e603ca8a4c81ced9e46449bcbd7c6696,3475510,3476208,Deshe was here,f920b0daf87a3e63ca28558914e74bf6f7f1dfef7eda8f62355f3fdc8e4b0d7d,3475567,e194ad0e06b3bdd2dc9a579f80cf1ec197c29b463d077582f5ac14e9f896eb69,InProofV2Rch37nCbVGecXdGssqtqrUC2Nhbrv58YrcyJP5q79wdGXUq17384exc1P8kAwdGvJmQpFdLdB2u66APCZWBLFCWBSLbo5Ed6nasFfYAemW5A1YbHnBWfVFKYoJ1SUW547rWy
7804f957c13215e6c98d54c443d16d36e603ca8a4c81ced9e46449bcbd7c6696,3475510,3476208,Deshe was here,642e7b11be079d863fae283a4c9dd00b515b4404e2d853558b92a8b09a689c5d,3475564,17d7d8e0ebdde5110459dace8d45bfbea6dba08778e7d0191c39ddda2e7feeaf,InProofV2izpxr9gkZFfVwGnFRfXGoVdwm3gNHpitpRQkafmYTq99fVGwpEUFkEC4WaJDgM7E1UiQ5yx3AzZr8L8gaKvNbnJVhhVKNnXcuhpKwjWcbYesV86HtHkqGhM3CDzmQcBZgP6r
7804f957c13215e6c98d54c443d16d36e603ca8a4c81ced9e46449bcbd7c6696,3475510,3476208,Deshe was here,7d1ba69fa44c28d74e232e12b7d60acf24ab7da4b48365139bfe143538caa7fc,3475563,f2bc266f96a09582698b22d4538545a630a66818dd6ad7fe202f6dba8c03e671,InProofV2S2LVMBXsnxSRszVqTbZKJGL8NBKiQUu7jKVmzKWndvEyHFXj5XZEZErjH3TuZ1tweEUDNVSSMzAADE3qN5Ct3mzEUgUCm3Dy4YFTmC4a8eEQ26Pzs1DZdxawFLJqBnF3rznJ
7804f957c13215e6c98d54c443d16d36e603ca8a4c81ced9e46449bcbd7c6696,3475510,3476208,Deshe was here,f4507627a3e4eec7f5638b34a37a61d5bcb60718d1922130c0f186736d214dab,3475562,6a1b133e590b8c19902b00106b28652388ef6be537ef3eb53149cd37a8b289de,InProofV25g5gpswHZKACR5C5ULEoovFCmaxccfQ39VngQqTgt8LYTvbcgqYHmi3UPSARrzMnpQP1ZFRiFZJzsZLgcwukEWpRhBXuCB5cAdfYFx7fKpfp5eDjbkc6YQMrCWXFTznAthoH
7804f957c13215e6c98d54c443d16d36e603ca8a4c81ced9e46449bcbd7c6696,3475510,3476208,Deshe was here,5c61f1b6f63dd477212a069585bca61e587e2bede453d414771b0e8a9984726b,3475554,f7dee3e6a835fb87a587359b460e03438b5cc97511938749c71ca0581490a18f,InProofV2XbmdPWCWo4VJrbot8VomULQfC3npo7ZYs8RUdpWUM2FG4YgELhS8DSrjRzJpRdZUrP1NZskRL5vZpdZ3bgApez537WeArqb3pgtQJjzj6RVrTg6hu4bBRUH5Jjp2DmEXb9Ro
7804f957c13215e6c98d54c443d16d36e603ca8a4c81ced9e46449bcbd7c6696,3475510,3476208,Deshe was here,87ed6f4a7eaa4be15a8476cdb676fc13aaf86a3df6560ad38f3639cab8d16b2e,3475549,87fe2be451c8c5cb5764964a56e6b94cc123add5c03d49b2ffe743e2a8831c3c,InProofV2iRunw9NH1YU74nTdzWCguGGZorDc9csD4FH6Asd7FRvHY4ERoD5bHHBRP78Ge2DyWGRGULtfGYdVx4rW9VctQFQjB9tscFXK7MvETXuRzUDb3NVPGK4ZEgQseDiDxAg5BEAv
7804f957c13215e6c98d54c443d16d36e603ca8a4c81ced9e46449bcbd7c6696,3475510,3476208,Deshe was here,d9ff1bf591e66575bfd1b378178d887f3c5636dd4461c3c83fc7cc39d3d48b43,3475545,97c09999d59c31795bf0137f94c2dd0c22867e8e61a7a11be57aca84c032d25f,InProofV2E9CiALE9ENHQnG7BPK25Qn5m2kR6DqK3dRAFdjr7xoqC9njJiSjaHhDMSMKDfuX3mGZzoD774mmNpEmW8jUb7v3xcGdu9fgYc1j3HBm718mC6ViTdsSCzcPC1U1TJHLnU7Hc
7804f957c13215e6c98d54c443d16d36e603ca8a4c81ced9e46449bcbd7c6696,3475510,3476208,Deshe was here,599e38302c22d641c4bb8f33f6a5ac2cf8bfe92a6cf825d4bdfa5ac2d35dfb31,3475544,4ef31b82acdb7b1194bae015d169f606151afea25c5e282f0ade2eff4adfef2e,InProofV2DmjCw569uTJfYZmNbXCas47DR86VPErNzcumtTq74RVL161d8a5B6GHJc6AFZZBmtqNNPKh6wPS2dhH9dksvTGxP57JMnH5xB61GmupLbLTC6TV3CFK6jeDaJSxP4xWETiXz
7804f957c13215e6c98d54c443d16d36e603ca8a4c81ced9e46449bcbd7c6696,3475510,3476208,Deshe was here,e26e398a97596939328d319700a853ea5adf963cdf3b9529fd18c65baf616254,3475531,973a4d63eecf0f1a54c19d7dc46d63df90a9e0a58eeebc85744abdaf69065e52,InProofV2fNjyoSWNvHENUFcZjWShToCiZya664XhFW8ZhjqAEJUL17X97685LSsTHTDvpNumUFSkL4gfyo9bW8DECYotww8wZh5YNaZchsAceCo2ff5z7QX4wN7FeMiKHgfy4fqufX3k
7804f957c13215e6c98d54c443d16d36e603ca8a4c81ced9e46449bcbd7c6696,3475510,3476208,Deshe was here,044164010788e91e289fdd735375794bdffd431182fe836fd6107e9a067dfe18,3475529,93e3a017fd4a7c4e2caa040ccb02184d085f3fb42d925ef18d7005ebd81f812f,InProofV2Vtmo5ASSuaTTjMY1GzfXAoE8hrEe6aa3p7Eo3ku4uFoMVv1mFTyCcFgCgDfHPnEmboPU4b5BdoXuDe7U3MvAutPPMUj5ouMg3tA6YBLeCNoCAmf43HkNWYK7fWL3JPoKgkXr
7804f957c13215e6c98d54c443d16d36e603ca8a4c81ced9e46449bcbd7c6696,3475510,3476208,Deshe was here,ca4853253d85d3f9b659e8f76f93406e1641a5fff49f543a0547e4d6c5836875,3475528,771cd9d0a868088b96454253d29faaa1e7ce8f3ea4c9e1b310491e77e9065bcc,InProofV2b2A9xPPNYBYKw94WBYmHeZ7f6aPYPBLJN9YLrg229ns67TrL6CPePeKWnEeMcC2euQTw2mm6drWZ3FbB7y9QufYVTt7u77GDGYqbjYeYjwwpTxAbQsCfNZqvHQY29LtyYj1n
7804f957c13215e6c98d54c443d16d36e603ca8a4c81ced9e46449bcbd7c6696,3475510,3476208,Deshe was here,83a990867871cffe19259befa4172194ddca34d94c503798e0a0659156b15b6a,3475524,e3b3ac5719248b14f724bfd193e7acac8551f9b5ce81f9712ecb2703c03d0c23,InProofV27SGG6oXdcXEWP4tBJbxZXnKQWt835Te5CB6Vi9XBMAKdiSwZQWw9SJf9qEfN8ErthDdFtXR2mTJPGZhe3jsqrkRVRuFdkF6Z3vnNcjRHUCDK7CVojK1H2ScvDWUnNP2aXJ2F
7804f957c13215e6c98d54c443d16d36e603ca8a4c81ced9e46449bcbd7c6696,3475510,3476208,Deshe was here,8521bb7119526f281283184e83d852fa1ebc280c8e352e53955aa9f8fdac94a8,3475522,61bcad51c4e02a2354158ca38b8f25ec08944b3230b9bc89242b077161ced346,InProofV2FJkTVxai8CsgKc8iiMD5cwT8gfGAr5vxRKK7bYdWBymHaiRRy1aBisNSkHw1MGuU8yBxqriJLn4kL1muSLQiVJh2fUgMqLiAP417fdH6xyAD1KJsuHnRZHMnf587XV5S4AQB
7804f957c13215e6c98d54c443d16d36e603ca8a4c81ced9e46449bcbd7c6696,3475510,3476208,Deshe was here,a0adc6d9ac520c482108c0ef491d0cfb2000a738b895c3aed263647d61adacc6,3475517,e82d17a2792b8b8080573ade6f840e2cacb0450d066c9390c67b3a619c9afbf3,InProofV2fsqaStB6but1PQFgnwAA2T6LERtYX5oHpVmaWtxvqNpjKxqNaic4GnC5yT1FeJ7Uxrg3Mk5cFFTCv5GvDgGk7QcWQte42BLnF5bBEyDjqFkdzBcgKD12q4nhR1FTfb53L1JQ
7804f957c13215e6c98d54c443d16d36e603ca8a4c81ced9e46449bcbd7c6696,3475510,3476208,Deshe was here,4ab3873178e799e307443707b5db0aa3e88a01d98aaeacce8fc30e5e7aa35ef0,3475515,aa48ea19a478f2ef3748c382091d0db9aee45abb2f1aa8cfc980263ae266699f,InProofV2ZLcLJ7yTa6rc81edxycP1HS15w4WhaZSnerMWo39A4nSaQPTw8tGqDLLBiTwjrWRMbHd7FUCicrTyZ8Bo3erJUyzjEvwfhxGg5Mg4yDUp8rbmJCBCQLHXgR7ydqMyybFe6ib
7804f957c13215e6c98d54c443d16d36e603ca8a4c81ced9e46449bcbd7c6696,3475510,3476208,Deshe was here,a60d8418384386fbbdc313b142569d07296345e1d9da3ee6cc37200b5fc8c9e9,3475512,7c1bc9822ed1ebc004ff280a02341bf93d96bc5c2ab18ac5aec4d2c5adf28d00,InProofV2hHamyZPfZQnfu8cTTNbifRLivNRdK4qCJRiipwrthify6c6ppKffR9y834cFUGVUSTWmXChDM183SeZ9pPrXqJ3n7PRYiBXm31Q6x7pDmkbxKm6N8GGKGGcagaMwvenZhb1g
7804f957c13215e6c98d54c443d16d36e603ca8a4c81ced9e46449bcbd7c6696,3475510,3476208,Deshe was here,0fda2b5d682a7f18a7bb3312da42bb7e5ffb73cbd6e9afbfed651ced6e8fbb2b,3476009,f6ae9b6f4ff5f677b391cad786dfe44473c5ea772bcda4694c09fc65a68b059b,InProofV28mCyfLgSwoENhQv214669NFqTVRYpXrV68QYvrMdmqQMMusSq4zMpwgDqtuqWEUXYCTHsFNvNVvCz3tr8hJCR7RndCCBJTjpRGHg7isB7A9kPVMRQQbSwFk8mjixryeo7Q6w
7804f957c13215e6c98d54c443d16d36e603ca8a4c81ced9e46449bcbd7c6696,3475510,3476208,Deshe was here,d1e658e80fe8339fac0f26073ee72bed3d6d1f62da1210042a31b51334f63f53,3476004,514c0a0e2c9fa9d0267d47c3aae3e5582b2e7b666758bbf3b59048903457961b,InProofV2DATQMmJnP28iyQmDjgCcfqhpop3b3qR3KCDzUjH3vetK8timRq2pGYoVzAg94XDq6DDBmiqRNcPvpP28GX1pZ2XiDm42Mx8ug4QKwDPqoZJpRhZUhzJdAzMS14RD9eGqCQsW
7804f957c13215e6c98d54c443d16d36e603ca8a4c81ced9e46449bcbd7c6696,3475510,3476208,Deshe was here,703a86f24da09188a8d680a47bd474bf98212c6eb715d45004c0e22e08b1cb37,3476003,b010e01c04ed5788fcf302d3d5c9a855bf085549f20be8cf58333d7b81b94e47,InProofV2DSUyedWyjWzFvgBTt3WQA26tFq79tqQnL43Ayrb9sTuVebbi5NMak7sX1WVJThCToJ6wzahvhi5uDJirn1PJDQtNZdEZgZNBX7ciYnBUYFpe1keTjcvHD71RS4BfgWesCg4e
7804f957c13215e6c98d54c443d16d36e603ca8a4c81ced9e46449bcbd7c6696,3475510,3476208,Deshe was here,03ee057808b7eb92696fab6b1ac4bd820fecd326c5df1df716b9a9f970bc4e14,3476001,3e99943280381a67ff061fedf8f5ad0343d262b2c0b3e0b2ba9d176d17051468,InProofV2NBrxy9dNSPN7fhQ4FxCFRpZ2D81JMFCiLedGUvNoKgD7a1s2vBkYrEHGyeqr4LBZzF6KYETa9rp3vQzPcJBc7oVLYmkq8B86BwGJ3x5KFW8YVX919ZL36RRp9VSZmYzUBe1u
7804f957c13215e6c98d54c443d16d36e603ca8a4c81ced9e46449bcbd7c6696,3475510,3476208,Deshe was here,f24e12235dfeff139b0b1a0d826b2ce3d0e2bcc686837d229ef1b466c2843aa1,3476000,72c60a03fc5b62f10bc08c2a276267da0848afdd33c9d03b0900facfd03babe4,InProofV2HESJz26dCYPKEXtj7TfguEYSXCRBpvLfJ6GghWCeVS5zJvFQFXJEV2R9keDWCvxJvPb7Trjs4sExZR14BqY4bQugiYeXRQGhV9cXdEjGPF56Je2wirifMmmUAJAigKdYCPu6
7804f957c13215e6c98d54c443d16d36e603ca8a4c81ced9e46449bcbd7c6696,3475510,3476208,Deshe was here,c264bd2cbf6ca0a7f597d84789d873ec6149df11e72cd679bca3fe9076234ffe,3475999,31d1e6e3362f935a73f99fc1ccd014e548350e89c723eff030cd9ce2bb502c9e,InProofV27mGom4NUdzFVPXrrQBd71jfNDva4AocxXMoRtwmpN7EyerhHsscsNQAjayNdNXhuih6ALDnzWgtex7SYkCSDbGgmXKhwbiYTACRStmBfN3Czxg5MsLGGGDA3XLCxdJacXqaN
7804f957c13215e6c98d54c443d16d36e603ca8a4c81ced9e46449bcbd7c6696,3475510,3476208,Deshe was here,71b43d719b51673edd6fba3ec7d229756bd7453e14ee838ce1961fac976dd665,3475998,4ac09098db6e5d2cdd75856cd18bd8c73cff4f900155411c9bd025af73a39e9b,InProofV2MzzLjQMU5seV2Lth2LquWkSBei2bodiYWScFGaGgfBFiGYt7ZAe7fKeHwy9g84bc4nTkWvofx6u5M9n1CPtb9LK5LH3bNX5bmVhaxeLiXyLA9CDDuwp5pU9EM4U8P9ckzESR
7804f957c13215e6c98d54c443d16d36e603ca8a4c81ced9e46449bcbd7c6696,3475510,3476208,Deshe was here,918b517bb264b798b69ef81a3fcc72354099274c72795e2a0c634ca32ac9c0e0,3475997,b24de2a87c4dc670826bae9215ddbf78c9a912bb53af96ee60d2cf70762b4d7e,InProofV283bBR4W5D7yGuuG8JyvrMobHgXR28iS3HHQ9CX12rXgnbcHJDKqG11tF4xJsmyHx3dRQLhKjTH8KaNpAzyGF2UFjffrJa5qaH5NVLzWz8PWjshXxh7PAsL6XaKSjGqknm9uA
7804f957c13215e6c98d54c443d16d36e603ca8a4c81ced9e46449bcbd7c6696,3475510,3476208,Deshe was here,1c72d47793fc049f74a741aa5b594ecfdd3e9ceff4bec963b3a90a5137e03c12,3475996,2f3f6f4810ca0cdd91d9e032432f3359de96b60a4e47781f494086b73892f218,InProofV2hupdc9LSGP3eFcUuRVSDHhYkb1gsagr2Z3sA7pgY2acnNYLTXxHq1tSHsLiq3AjGungRSdiGKhs6zPaBRS5HiZ79Bc2JSRhXyda3jsFVM1Xkxo1T3SxuMHFBVE5NF38jfY6S
7804f957c13215e6c98d54c443d16d36e603ca8a4c81ced9e46449bcbd7c6696,3475510,3476208,Deshe was here,b1ea52435b9adcff04c836537c1563074e65d90da13334bcf46af080a85a20eb,3475995,c950d41ad3da07019672e7077fb639d7bae7b083b73d96503f5f44f7141b588d,InProofV21s3fxpZ4qXKQVc81yxZ7DaJrvpL9cYiyxiL3y15X35vKGpQWXyqurCfhDyyM7w2AgDT2xxNdhxCvPDtf2wWR6S5xUCjtd3sBGs2b29P7cEshVzen8oDsekVsPXNeDTFnnNkw
7804f957c13215e6c98d54c443d16d36e603ca8a4c81ced9e46449bcbd7c6696,3475510,3476208,Deshe was here,28e9d8cec8da417045a418fa153d4a898899c91833f2343cf1e0efa804e3d735,3475994,84c376f99637a34adbaf18d8460b604d734e32f927419aeb1cb3d7f05a020431,InProofV2LXp2mEg4A6nW2maEZBEx8FY2hvNqaw4o4hecziw3Zm8yaJJDZqS8YPVTnLkdREiNB47uw3TWJBDML2rbPKberbVu5VoFujKkfXuc8kZwdfy279d3oPJhXQAqBfhnE9ythLZq
7804f957c13215e6c98d54c443d16d36e603ca8a4c81ced9e46449bcbd7c6696,3475510,3476208,Deshe was here,017d54226f69ab5a68027eca01b7a20f3d49768caf2e25c4e942774706273d56,3475993,96658b8d623d9547de2f4e7fcf459131bb63dc87ba4a80de2f16c1c7ac666e1e,InProofV2Wg6kX44xDc4DYsaWcRQYAEeVHLJTHMzZ91gQJWLHQfYHKKNBFV6onHX7ooMyWNvjxTgWpBswq9kHyMbsqjxCQKZNZVzadZQfRwQCfo35kL1xxmTagvhr2BBwp41Q91S4k73v
7804f957c13215e6c98d54c443d16d36e603ca8a4c81ced9e46449bcbd7c6696,3475510,3476208,Deshe was here,c92cd56e6eaf9c87ba4e6c377deb762b127e3aa2894faf8caf661644db5e6fc7,3475986,5a1384eb4cbe05f41332282d30bbf711727669b647dcc61938a42a7bbad51d1b,InProofV2caAx42AoYhHd28pwjQzjRd9udWu3T4JDAH6aW5T5b6V9DZvof4bgRyHFwSkrt7NPpcDwp2oa3yC9k5t2s1nybpGGRjNqKVc29ShL3eZiq1ftaceVdun6L6EfsaLHDqNtf1yJ
7804f957c13215e6c98d54c443d16d36e603ca8a4c81ced9e46449bcbd7c6696,3475510,3476208,Deshe was here,c17bff3ac0b9a0635ab6ac9dbd0287e67a7ba33fc1422a5c1ebe6fdf5299a5b5,3475985,d44dbc9cc9e191a3a8228f557a050b09d7f94b2340db1a7c73895949e2e8f8e1,InProofV2JyVLRPLjvj5e1gHXmzU4kARX3WvMyvW25TZoe2jvphD6deyi1v9RVA7bzcvoL1rg16cKGimitgN53MtQSJavaQgSS98NS6tG9HKHyHZe6Yq7vRLM2GaXH7xTRSzjBadaukv5
7804f957c13215e6c98d54c443d16d36e603ca8a4c81ced9e46449bcbd7c6696,3475510,3476208,Deshe was here,62c7a445ef9cc712acfce34756f4f02b4e35385d7282a3412b053810c443a360,3475983,6ad5b2644066ce22831d2df7cdf95a256de5d38f8fd6a546710b705775bd439a,InProofV2SV2yTsEAEQ7R8x7S6PD8Z9Zf1Yt4Mt9oiSLpWGaTUZcKMQb8QkQjbwPVM4oNs4tmRYcyYa6BjXWwR8DZZNfLNity4K6rVW9rhyNegSuTCkDb7K1AqJ7HCGipMUQr1PGLwwby
7804f957c13215e6c98d54c443d16d36e603ca8a4c81ced9e46449bcbd7c6696,3475510,3476208,Deshe was here,6b4c8eb5ca77fda177c1217505ac09f9e24278b1093cf730ece7c47aa9504e5f,3475982,4975182a725910b9a8bd73cba174791878a4721fe45a9b7c01936ddc2e5e52a1,InProofV2Q5tNWnYDkwJfAc7svGwYWSZsDyUe7V6QmMYqrj1kgBuzJRJNWhatL9sHqZdu3GrK7kD4rJMtQMZewRpoJ5L8LhxeQqLEFxArFgtdF9VKdgN8nTd2w2LrX6fho9kQs6diKkpw
7804f957c13215e6c98d54c443d16d36e603ca8a4c81ced9e46449bcbd7c6696,3475510,3476208,Deshe was here,85e367c9ef43297383acd34e215684c66d904616be37c7490240260d14ebe101,3475981,cb81b333c0d1af6e566e078e1d9381752ea5ac4d1a19bb4b46eff1f10b004a9d,InProofV2P7ECRTSXG7XPUtesAmQKemQrzfFQ6VmUpCJcssnXUEbESqqEa1Rhi854ftpTeWu125PqxU1zjb78jTLVHAGKo9P37ytfMaaswDd8mHtqeRQhXb7x8rgFawoJvLBschho6SsD
7804f957c13215e6c98d54c443d16d36e603ca8a4c81ced9e46449bcbd7c6696,3475510,3476208,Deshe was here,05054e3da12b35e66da2a0a539a0c5bc52adc29a4d3d953ab8564f9a4ee5b905,3475980,51dc96bc29c6e28ee6825b8a0f1f3ba5b7644092fa879809fa104a9e8a7c28b4,InProofV25cLdcMC4Qe3CS5tcg8ubn4MKUgUXzvX77HqVadmaMvZCcDc6LwouCtARTweg8YFD62KuAMhWQRHaudDBQzCfxmhr5KeWxJcPav46jqEi5eJ5Ligsw5AWG5YGdb2i21QnRrMt
7804f957c13215e6c98d54c443d16d36e603ca8a4c81ced9e46449bcbd7c6696,3475510,3476208,Deshe was here,b6aea8929d852c2507de1bab69e396943b049d56596583affc8440691c9a5436,3475979,537cdaeff9e1dd7e92c762b96f700578c58c12aa11acaa3be83a057fe8ed63ea,InProofV276yGH5xrY2RBxayU27c2wWaVhCHn1sB3BgcVU8coHdSEMbmnCTsSsB28i8fhZdWcQWfsCfHKqQrqN5xZ3y4LHZcJA11z8gvvuSFTb51YmFCao99f2JFhbSjLden733V1zu94
7804f957c13215e6c98d54c443d16d36e603ca8a4c81ced9e46449bcbd7c6696,3475510,3476208,Deshe was here,f470f7966c73225ddf55c531a7a727253e45b8e72ad12ed7e52423b0c8dda4bd,3475978,bee41b70321ff7ab5009c3774c9cb7d169f496322723b3bdf1463a4be22b7d2e,InProofV2KByLHbMbVBo5LBTQrzxnCyF7whWuFUWPEh5zn4G29EYL9UzEjY327FpMZ2Dvamdsxt71ekUnwtbYbU2gzJzp3FVQGEGecWxp7ewTjkyryTnLaf5XrMTqsEt5hEcQYoaYE4qj
7804f957c13215e6c98d54c443d16d36e603ca8a4c81ced9e46449bcbd7c6696,3475510,3476208,Deshe was here,5282e96232b689f7c2f76ec66d17ae284f4ff1315cb2193a577708ed0776818a,3475977,cdedd9590ee7be7143ab9cc9284ab528ad7d4a09e7681d130be4eed457cf6cea,InProofV2UDXWZ3sxaXo1BW5CNiNLf8BWTZ9Z8H4SbN1cP3Nc2GRFXkscoiRPTp2SnpiMEQUgpHKPgbVQoYRNyatKVWArBgv5b2eNzYgnJ5SfHa5JTEk6vcKWCuiXhCdWR22WokR8Wm1e
7804f957c13215e6c98d54c443d16d36e603ca8a4c81ced9e46449bcbd7c6696,3475510,3476208,Deshe was here,950d292ab491902a0a0d22937091b06be2c75fa72df44d67a611e2f8346c717e,3475976,d41ff1b64f81d5cd3bd35a89a312207b8946c1441ebe8cdf9ee12de68697cf93,InProofV2JJK4fgntJamGgQSPTQMx2PSfwNa58kvYfaYsNPL23qYKBVV4GiprfHmgqK1SCrwx3iLQSsta5YPnwD2qhCFdX1eq4dE5p6V3CKUJudotYfxrZcc14a3exCCXDCKqhew5g561
7804f957c13215e6c98d54c443d16d36e603ca8a4c81ced9e46449bcbd7c6696,3475510,3476208,Deshe was here,5aaa726da851517811267e3935ab6c8e3ab8c6acbbe5909f5daa15cba110a6a6,3475948,bfb5c82b9cfe8acd87ed329cbcc5da672c6755872cb695cb37cb25210434ba01,InProofV2cPhuAiVKfFx1rZMn53woXuHDKD37o1JspKvAq9RLr9xC1R5KC7NKUHzS7BMywg8yuS2FAn9tsWnmcJKgumuXF8sd1ED2cG6TGsqCjE58dyeY3j63WfcG9Q4W1ZhtFaQQGz3e
7804f957c13215e6c98d54c443d16d36e603ca8a4c81ced9e46449bcbd7c6696,3475510,3476208,Deshe was here,510f9ccfea509766c2a23ec1216c6676182dab246558798161742564431ae1e7,3475947,6a595c6b9d9d060deab01eced26fab440e11698a4c933bc1fd4d73cc9e5682c1,InProofV27HcbfAmQXvY2oygiPVW8px41rdHLztkXFVFf2oBW1TCqgGsMJVy6eFfD5Xe9HiqaTMGbBKE5uqxg512bH5UEwtD8aUamYLDSe6sCE2gbAHNuQR83ddsquurQfWr9cnFs9FPz
7804f957c13215e6c98d54c443d16d36e603ca8a4c81ced9e46449bcbd7c6696,3475510,3476208,Deshe was here,cf270e357859c6068ea23cb7ff253bf9b79cb5171fb71e6b71385f445ed1f5ea,3475946,25fa7e6d9310a38e23dcdcd692c1f433a5094312ff15207afd8eeee514d4dc50,InProofV2icMRaK6v4XDVGzrZMyrrf5Ci2H23vCSvf8uckLLRM9PVCnqF6RBvHQJ13x86eqzGg2VU1z2ND8xiD1PFeGcWn8mPDkqzMdRfBMdTG9APNWtbGa8R54nisLXFvbQ63x7nyyTv
7804f957c13215e6c98d54c443d16d36e603ca8a4c81ced9e46449bcbd7c6696,3475510,3476208,Deshe was here,634a16a8db1fe465a3f5fac78ca2687cfbed79da954c5d651382bb83decbdc09,3475945,fff06c41ec966e920e5e15d00940fbd1cf1130c67536f34474365cedc0f0eb34,InProofV227uSzhDZvowAxX4hwvSeL7RMFrHUNEZuQbWkhAVnnvnN8gBHniNUKTQGD75ypVeZcJcGeAJ7mMWveQX4LpKoSqEM96gro9CTXzwZixubZ6X8Xhg7VGeRsomLx48r5KmpZNAY
7804f957c13215e6c98d54c443d16d36e603ca8a4c81ced9e46449bcbd7c6696,3475510,3476208,Deshe was here,10f46207b1fc75e32c255fd0635f4f00a71be3e724f293c7eb86fb6209a76020,3475944,9e126c9e0a89e054aa3c4c6775ee6b049d3fc4035d1970be74830b9f4c2586a6,InProofV2Gj5qdoop7NDGZmiGC2BdZ93RS7MW2Z689ErwuzJAr2YVN2uNew6mLoYLtPcsTHn6iob1CKs3ZjUj6MpQ78jc9LksBJXE9RRjwvANSWrdEofUzG5hj9WNfRbLqQiNEcuxb694
7804f957c13215e6c98d54c443d16d36e603ca8a4c81ced9e46449bcbd7c6696,3475510,3476208,Deshe was here,be288201fc7f111f5c01ca09cd9c591cefd46e6a90f0e1bbc7389fb6bfb0a999,3475934,0cefbd0f7b30479360fa30d134592fef27ab49d99e3bf8784070bc23e345a1e1,InProofV2FULGCrHY5MJiZN2aAP7qT8RXxYjQaUXieGjxirC9VT2HUvN13qQ5w1kZaHzFQ8gF1MbNvHeNQNqS9iU88AvcQ4JUVMLiPpVuygY9G3mN3LfhpSVYtDVnz5jSGZ93NqDpUKQb
7804f957c13215e6c98d54c443d16d36e603ca8a4c81ced9e46449bcbd7c6696,3475510,3476208,Deshe was here,e3c585f56209b47f5566c20ed00301dafac103de108426f1648826496c53f482,3475933,68663683f8a45a14f071483e1fbd203654dd0729dbf2b39d3ffdb42ba39f8be8,InProofV2ai11EbLtrhDir6DmNLNnJwHPecbYdWJE4MMjyKZQSRvg456vGY2YfmkGSxNKg2hiiRYpNwtWHqYS6AmiCJZNKXc6d7Tw94VhZb5F5oMehgQyen3uZDdBUNZKuP6PHo65TLsU
7804f957c13215e6c98d54c443d16d36e603ca8a4c81ced9e46449bcbd7c6696,3475510,3476208,Deshe was here,48a9f0d229ace973de083fd6c2b446cd2844f7ca93fbfad53aefca5363453728,3475921,e72be2d5b1aea3061973992e039236902a5f038bca607f125ba37bf846bf91e5,InProofV2LzPenDU3LZB2adEx8BPBGi99TkBSPba7QZ1NQyTNcpCsPF2i8crJkWKB8rfcQ24W8R8wtVshw1UrCMQbkvi5y93J3CQQ94rW9UhJ9ptPsJePwx1oFiXeGHdCENKPLccZhvrZ
7804f957c13215e6c98d54c443d16d36e603ca8a4c81ced9e46449bcbd7c6696,3475510,3476208,Deshe was here,40452229c7cd9737b6d7d208c1efb5f9f52dab2e0ab68b538c7ab7fc6434d360,3475920,f3ffdbf5a00cfacaa504c644fb3c13280f7411e8c39c546130fb12d6310e2448,InProofV23vZgwxvVwTZP6ewc59tJXgCgHJY9gE17k9U55uaSfgxyMQMC3u7KPRyjGyoYnCTUcEJHD8Vt6Y4aJLGi7fWsqHoVGvww3deLp6f29fssqPz2X3cDaCYnKZLQDggtbeX97eQp
7804f957c13215e6c98d54c443d16d36e603ca8a4c81ced9e46449bcbd7c6696,3475510,3476208,Deshe was here,595b5602294eeacb9c7303d0b4286110edafd9b2365a00a0ccf73d98c84042ef,3475917,d6c923af07634c1bbd8347404eeaa8270dae4739f845d04432d425a685be40d7,InProofV2W6Syr46ThqC9984VYzm3RGWw4RxULBFEJ51utsT2CLft3j32uDyEiLUcXpKAyMWvWken1MVdDwcVxFkBobqTJZyDddx4UxSACQdhsjUTcAZRRe4HPZP8o8BHnV6zj6Jh85TN
7804f957c13215e6c98d54c443d16d36e603ca8a4c81ced9e46449bcbd7c6696,3475510,3476208,Deshe was here,c1de5d80cb8245ddac4e8d094cf871544128ffd894ff44ae973a96f2e4766ed9,3475916,6baf7d44f51dbce3b6f84aa99ae31e52b21b7e7e4b00c773f06277e6cacc775a,InProofV2NYyUoi3Mgc5VSyMTxmY7egTy95zP2BAqfiKgR337f1pWWXPsufjxcvtQ814PGyqoAGGodGWr3iw9P6SjShoqbRh89AedHNgiq3HamZs6JAnYTUJRdfh1qetcuEM27gPYCpnS
7804f957c13215e6c98d54c443d16d36e603ca8a4c81ced9e46449bcbd7c6696,3475510,3476208,Deshe was here,956d4f7a1d95def318b8b199e50fba3dd90c9f541eec0a360ebdfebe3cf6dbce,3475913,d305e6a8b57dbe62deac4976e5b7703dcf72e95bf414dd516f8abec738d663ea,InProofV2TinnERfqA238xknX2dzphWf3yb5uWioA7c9yKGP4WJfzBrr42VAJ7tr9S3EetiBv6bXwBexiUdyug941HZ4RDoB5MZXkhRgwT9LeBtdtx5q239UfGiqHmFxh4RL9hcn3aaw3
7804f957c13215e6c98d54c443d16d36e603ca8a4c81ced9e46449bcbd7c6696,3475510,3476208,Deshe was here,990dcba909132de87b0978d0c4d67f415c87603f2c2715f3f4184de761a4c0b2,3475912,f65534fc9ee0e805a088e62d04e98caa64108626e29fb12f62ab3c76f65ff799,InProofV2UKKWzqXdJMcYhn78PQRM6b7NseRJZrtKy9vadCXoya7GATanWPnFD3kFRtbkxQXRi7VqMuQxwV76YC1rAzc21VLLgUSfhHtfUBDJy3hMZatHRVF4wGec66XuTQZfnrGS6eZP
7804f957c13215e6c98d54c443d16d36e603ca8a4c81ced9e46449bcbd7c6696,3475510,3476208,Deshe was here,c9116ff08d5810c964a448d0797154f4124c032311a5383e8f68fc3ee04ecfc3,3475910,1360eb8163da864b39aff190e94377d40ba9bdd50e5083ecc3b77eef691f09b7,InProofV24Bd6gRnzGjfWF5RgXWwSL3UjgjwyyNnvAXxcerXaG13mBVmETw3HW2PEaQt928TJFUh5dDCG35GEu7gP2jahnAf2MxM83wEvzxGhxaUEVZNj1GHfzbGs5BsAw56wXY1NrG6H
7804f957c13215e6c98d54c443d16d36e603ca8a4c81ced9e46449bcbd7c6696,3475510,3476208,Deshe was here,609ffbf680211826c9d60b06edd3176339a92281c773ea1cf747e01e81125ac1,3475909,e88c492f564d43d98811927e2a4f025c1259bce9fc1a458c84099bdab7d172fa,InProofV29YZvFBmX6MufuRSW7oAXQ93yiGQ9y2uwULTmcAr1TzuubtTe2ez5GG6XHy43nVmEceVppeJXUnU2p3UNrF6sqtPV9vAzmgzKPhR1oYEkyZEV9gGsd9AYQsLgwfgSzemYuVfj
7804f957c13215e6c98d54c443d16d36e603ca8a4c81ced9e46449bcbd7c6696,3475510,3476208,Deshe was here,8984a7ec68565e9e45aba8d0259ceee36d89f9b938385c36d33cd397670935f6,3475908,b5d8d0aaa3926eacc0e407a2232ddff77f9940b96f50f38c5be1b727d2166759,InProofV2JmYVP18kmiWD573NVkobcMhGjHQ1wN5doEpeE6wnY4FYNoQUPubReH9KY3MLszsxnbZv3mzieEXVED3CnR5REQZCLccQTUbsc1v8QC2gYYQLfF7pLShFQMqm6GUFVPb6xh4K
7804f957c13215e6c98d54c443d16d36e603ca8a4c81ced9e46449bcbd7c6696,3475510,3476208,Deshe was here,e651a6038c289764163b8f04508cefe2e155ea1ea46be815ae5ed9f86aafb4f8,3475907,110eba0a1069cfdaba73331f7af692e9c9efd4a61214abcbfd3fdccf3898d9d8,InProofV2XAcf875SbhqUbuy5LmBFXRGYbEEdeV8mZRj9caETAQFYeT2zNXSR3TxHrBptzHZUobB99ZUP12JpHZWGmUh7WbogZAVwDXVteiBHQzwFVTsHc3HwRmQ3x36H6Vn3FrtxJPSA
7804f957c13215e6c98d54c443d16d36e603ca8a4c81ced9e46449bcbd7c6696,3475510,3476208,Deshe was here,c78f7b4f08e182df6d7c70289c9222da3ab5ca05d2395b179f876ba7f42c9a08,3475906,5c4b31cf8d343ed6bd548a5a9f3cc1bfd3bb9d2befca3e578d8d6f708d55529b,InProofV2hxfo7BnAgax3PoKAPjq5ueLZ6NasBzHWehn2ueHy5bDaHEuBacytjHLg16rJVhBMXALRbcMRgv7wzBideATt1arWJw8RHGmVBG57RTeZgGDnSDBWSFvnginLPaQfsikhnqH3
7804f957c13215e6c98d54c443d16d36e603ca8a4c81ced9e46449bcbd7c6696,3475510,3476208,Deshe was here,c4019c79e644f23ed591a382b41ce6dedf244b5ee08b3bafcc78598be1e108c8,3475902,f8a8dc6aaec719f7beaa8d32a0948bee56c0d42dc01a1983ae0c68c5f69f3cb3,InProofV2WCYdoHAzeimFVGP7QvWkEDbwc9fTg6wTHZdLUffgwyy5Svqd3j6kSTnjGqctko6CqtUgh4xdEpjbkMBPEt7YNjbrUyyLJdnxBgiMmzDW7jCPUEEHaPDuMeDh8cuTWtWuLumm
7804f957c13215e6c98d54c443d16d36e603ca8a4c81ced9e46449bcbd7c6696,3475510,3476208,Deshe was here,a1f376ba2f8f95710ecfb5c8503a0e8967cd03ff8cc6fc818ffb17c71c4d4d40,3475901,cc98ce751eb33ab39bb38ca10e5d46b169ffa48c470018cd2f41ef483528b93c,InProofV287PD2DVDrmqGmSsgj5DWZVAUa2Kh1ETSWKc8tGsdmXqxDaREv6iZhqJEyGa5MpNGdgFVLt4P8BU134mrH9x4ARWYFBVQ7oYJLHibSmHJSGvw1mEjpFZWfT6ybWgKNEeTpshS
7804f957c13215e6c98d54c443d16d36e603ca8a4c81ced9e46449bcbd7c6696,3475510,3476208,Deshe was here,ad9dbefcc7d1fffbb728778853d0ecfc5faaee8c7a7ca15aa5d977c6a47f7fb7,3475897,c1101913563f72ce3bf7c16764db8413ec47918c219a9ef475e266f7276db011,InProofV2g9sm44YDznvMqF6jNPeTJiN3x7y9LiLNnZDDCrWac8MeXGcAK2cNBo1Z3KNDrUrpgzS1pEbERmwNnN6TG5waPZWx74G8tbVjBttYwgjntVoTPAdHnYwVsUiYN2jgVKBEgfTh
7804f957c13215e6c98d54c443d16d36e603ca8a4c81ced9e46449bcbd7c6696,3475510,3476208,Deshe was here,fc9496e7e400b70fb4dbcd04c4be08aa451c913c1b578d1ee007eb1d644357ce,3475896,4bd9bb26a153b99a446bcdaa03a6824a0c7eac6a99a7f1310cb4ff07f5918416,InProofV2ABS1FMcpchCaANEx9nZFdDHBUJNvywirCUmmGoTMJGgMeYLkg4PgzPeLhmyndpmd2FFLVFqTLdsitRmiijHdLFyf8jpdDKS2KpPgn9HJWKCWu82c8op67NPFHDLM8znW3PNr
7804f957c13215e6c98d54c443d16d36e603ca8a4c81ced9e46449bcbd7c6696,3475510,3476208,Deshe was here,3eeb94d1f50a88ed02882028e8ffef1722cf494d824bb10a61e6b804176303b2,3475894,0d3bf3200843e384fd8e6369d6fe7243f64486655b0c2bb37f27ccb4515bde8f,InProofV21U6bLB5iSguKScyAcG8Z4P9pjknwBUrTsbzxg1YCaVQ34J425brHqpNKM71kiSRrnTUWcqGEi5uiBYk6qwtqJXDHciWYWToXEVGMLHYBegkjiiadH7mEGAMRLLk7gic2B335
7804f957c13215e6c98d54c443d16d36e603ca8a4c81ced9e46449bcbd7c6696,3475510,3476208,Deshe was here,707d754cbf5e4b73c09d873c13d6c71e80c5ae039ff8ba3f8c54577646ff750d,3475893,a4c322c07884e44c682bbd5a1db03f895b9bc4841a1ba63e2376e17c5e29f255,InProofV2bBnixQFpxwVRZTaPvAanhqJp5F46wC5UX5rq12ric6oCJJaueNu6DPhGWDVwYtj7QuFNxXckDpd4pQjuWuUxQFtUMYtRQMspArSQYBooDqo1xHggXYmZkbXmgPdARyNMwQNu
7804f957c13215e6c98d54c443d16d36e603ca8a4c81ced9e46449bcbd7c6696,3475510,3476208,Deshe was here,0461a3a49fcf851bdffbf5afd7a2c4c66fab06bde902fa2c76775042b474ac2e,3475892,1114104f16273066f2e53a157c692fd6aa310592ab9ed541ab4a22d7b9d43a8c,InProofV27XzVFJfxP9xMZzfz7TquYaQRYqAMVE3CpSKvYGrrSNT8dbNRB2f1cTCYd5CrytmjYwPrR11JU4y9dVpCUcmeugZPGCo7PVnW5P8K2afRrRWNwQJCATUCxyfZg3vnG6tZPcqg
7804f957c13215e6c98d54c443d16d36e603ca8a4c81ced9e46449bcbd7c6696,3475510,3476208,Deshe was here,0c5b3d8bad36c23ec9ae0c48a786e3a99d86a5c599481010d77c410edc563a08,3475891,0c8a6ae0f2a3c5c6dbb06c4b7da7b998687596216ecfeee4c6d27f2456a28908,InProofV26FqgmKGWuRaXJUvEUsY4ek6kpHVGRJUQNTQN6LD6fzGMUV5UpyDYbhQL1P1BJhettMZptNK2m1m59SFkg8rT2kiBYAmid5kYhEjLZtATDfA1FKg3ivqQQwgDE1jooz5kWFYH
7804f957c13215e6c98d54c443d16d36e603ca8a4c81ced9e46449bcbd7c6696,3475510,3476208,Deshe was here,ff7ac4ce60a2d1a6b596f98a1d31e851dd534291637bd82f654a143f49e5c954,3475890,08ffc0baa69fc1010ab1202ea0450f3a2123fa7104f403aed7bec198c868cd39,InProofV2hc78f6XwegpKST12jVGRFhCfeecNVRJ8oTLJzr2cvXHpDca4GiSvpgFEFVAnDMBHxAaPz2nMxmA8afZTMrx6mnDp1Z8xMCuG3gVBLLrJVf6yS1KPF6ay37FsVHrJiHhQurA3
7804f957c13215e6c98d54c443d16d36e603ca8a4c81ced9e46449bcbd7c6696,3475510,3476208,Deshe was here,22dced90f409b1b0701987199c7b5108777f4e43b932c8889be6c39e3c093019,3475889,7d114b9ce434324e35c73fbf7c404ff7cd02baae1a2a5582a6fc1fd64a071e42,InProofV2PrA8Ehyq1iETxZsXJc1Na9N1Kx7c5KJbRGMNy7C4b9AsLZRJdqub4YHMAKQEcv4Gsqha7rDNeQhDHEgfPD57PHxAhr3taw4vL6kfodxATZev5yUdWkWpDKdYbZmFf5SaZ6p5
7804f957c13215e6c98d54c443d16d36e603ca8a4c81ced9e46449bcbd7c6696,3475510,3476208,Deshe was here,24cfd1afac3313fc48d3dddf78a3093e963784ab44cf5b07cb51c95ecff28c12,3475888,5e69441fa63ec8790fe9266e4e4ae2cb836f58249a04770c2ca5926ad046f695,InProofV2dkB2HCrsdzS3jfZv2Wr84e7qX1UBpR6Ru3bYfub9E6B5UJywwtrfUAnagTUnS2Jo68YarANFz3ibec7YkWYTaM2T36GHoXueQHfUDNmJ3yqoSs8y8N7aJ7Q96FrqTC1oaAqV
7804f957c13215e6c98d54c443d16d36e603ca8a4c81ced9e46449bcbd7c6696,3475510,3476208,Deshe was here,3009c4de9974eed9a5390a5d4633d708e81146243a5be2c9f331a17c9a631fca,3475887,dbf18027ded2f11a1db75771b97f08720fbf33097a21864a3635b72944bf6b2e,InProofV2ektpfDv8eGb4Rz4A4pf3iihAEgQ68fayRTXhpFbpomdz7ocWQqS9i758VrmTP6JAbbJsnr1oVL34ydHvP8pmRXUHT73xmCeFvjL51mxc1oYZG4Z7QmkA4EaYkhDYfozwYXx6
7804f957c13215e6c98d54c443d16d36e603ca8a4c81ced9e46449bcbd7c6696,3475510,3476208,Deshe was here,a68298482ab8a780454cd48c5e2099dea9b617cae7ab86d49b4dbe3b41dcb77e,3475886,b37b14e72f4693294efb41ff076989ff07f8ad7e907a6dd58bf4dcdd251f9bc2,InProofV2HJaXqVxDJbEisyRddfGY3sc8vSkmtos7NR4QsSGuh6Xi8GuEdhRtxEKePmGy33be756Tw94snZ4zXUC4tqT1jZFJbKuE1ohr5rjWRkhUWtk7BZdyt4VFdk1W6LKerw6sg7Dd
7804f957c13215e6c98d54c443d16d36e603ca8a4c81ced9e46449bcbd7c6696,3475510,3476208,Deshe was here,ca83bd6baf13af9085ce102a8feaaf782216ddd93954956093c84347adad1b89,3475883,d13cbe743ea882bc2eee5b092c24576c46c29a59f9894cac87d0ba49eb51f668,InProofV2c3eN6N4CsJLCDEZThuDgL25tbirp1YrvpNUEZrYyF4FVT5vPt5HTxDc7JQN7ykuxbKC595jPzf2LhXV2xm6bAVNnMcK8TsoyZwzPaAuaz5gdjY2NEoBqZQjiHGtscYbFWGuy
7804f957c13215e6c98d54c443d16d36e603ca8a4c81ced9e46449bcbd7c6696,3475510,3476208,Deshe was here,ef377d1e85ad71ca565c7d750325cf673cfdb1ca505b44cfeecc57d8f60e83ed,3475882,66d1f81633a1edff35103d45d432b4e66ea57246c6e9b6c1ecf1771829fd759e,InProofV23XXYW2X4QK7bUUUR7p5LMR3brftH8sNgFF1e4qL278aa1Axp3ZFRbm2N5eHtyxiRj6ZYZYgsD1JvjanL3GV2ZrSqP7Hsr96i6pn8UJVHCNgspfZDqfXU7Z8a5NrVTYz7fS4h
7804f957c13215e6c98d54c443d16d36e603ca8a4c81ced9e46449bcbd7c6696,3475510,3476208,Deshe was here,c6cbb7552455b0e4af3a6fa26255dc896c3e2896210f96595e66393ac96e4161,3475880,60bc111d608758015e4bce2b2c02fdb21c39ee406fb9f18610cfd06c05284758,InProofV2U14GuwViYUVK3pAFxgjiYKWE7PbUGfsgTYAFgexWZ8P9CgSKWcJDVsuddXqZ4Hh3XHGKKax51s1ZJJwJebwfoLh11ZhuirfN91aESBV6hEQjSJToViLswLriyVGGUU7cm9yj
7804f957c13215e6c98d54c443d16d36e603ca8a4c81ced9e46449bcbd7c6696,3475510,3476208,Deshe was here,699fe876f9465d888e4130eee92030227cae38f5a0f63f5f20ac3fb0004c3168,3475879,54454891e158379148912be1119c5a2ee2da6d0edfa6093d9cfd8283edc18b3a,InProofV2UtzYRCKyNpYY8tz6ZKxiiaHTfyyk4Zboc6whr4MSGgbAFjBiRUCCMh45r7BryAaKEyDjqTPqxR6Hh72iZGk1sqg7BoBQ5suYc4MhZt7vo5d88KYJrdtMPQn7CVcjGmPbCeHa
7804f957c13215e6c98d54c443d16d36e603ca8a4c81ced9e46449bcbd7c6696,3475510,3476208,Deshe was here,6d3d823ea64825757aa714ebbd6ef5ec3dac12305de0e51f02a8429aa328c567,3475873,4a11234374309d5b1fe38fdf3d7ba67367ecc39547e137b5df22fe0da7d2fab9,InProofV2ghbxvWVdSDPT7bvoj13tgH2yZuc3z3daECbLme4Rpg3RMpL9vpZWgLbXLXidTNDzYb6Lwy8gmSRqPGNjLnDSQZr4PTUovmDbVXDc9BB15udzLWHyoQdmhguqjjXTXXrPZZ12
7804f957c13215e6c98d54c443d16d36e603ca8a4c81ced9e46449bcbd7c6696,3475510,3476208,Deshe was here,b37a71e3a529004b5d75c810446555d819fbdce313195ca26caf1f4525eb5fc5,3475872,ef75a1b27409f4b0c06acecc01daada950dcf3d65c8eb2d185811ca5fa91eb71,InProofV2DDwwqpM9T5aTtW5FR1pttwK9vaNKd2TEHEQ4xWb84Z7TSpDXkQq5FcxHDSagCYLYXshwcmEU3qQ6hjjbZbkGTbNUDYTjxSpYQHNbpTHZZZfNFt7SwB8U4wgQna7tEYVtpKPx
7804f957c13215e6c98d54c443d16d36e603ca8a4c81ced9e46449bcbd7c6696,3475510,3476208,Deshe was here,2e7707cccb75e016ce88a09fb1e0af19065d96127a0f6fd9957c2f41bf405097,3475871,8584addc3050837331a1de7cb21cc9d0fb60c541c90ae67cfa768ce20a6beb57,InProofV2QWs4LRfxZSSjjURVrwS4y1CgQp7uZf6nfHYdVzxsQ4T2NY1wugDaqmYMrz17FHeakP3nX1ozF4BXQP8yFbCgSe5tjhHVm4bwNKZ1CdT5MFGsY1Y9tXGMfvzQASxAN528367H
7804f957c13215e6c98d54c443d16d36e603ca8a4c81ced9e46449bcbd7c6696,3475510,3476208,Deshe was here,2bb6e5800c63b9437a3cde4f16c525d2a4f6bc22604c5b684ec0c1e692701dcd,3475869,7c9bdf8d3dc1b9fb7fef8193528e0af17ef61fc3d25bc0b6830abb007616a660,InProofV2YSExA76pwXvJonSFHvoqH99evDuTX35ozKWRjDzawhBU5CroKUtb9M5L7pqFNnB3jf8VpCi75NK2EbZAhGK3Fikx55KRjHTobsdQdRJSr25dzn2gmAjAFeqmX35nQCuaY8iP
7804f957c13215e6c98d54c443d16d36e603ca8a4c81ced9e46449bcbd7c6696,3475510,3476208,Deshe was here,3ace8f0a9c45e90d3a6bc82b9ebab74f19cf8f19f956a852cd5f0d0c698bbacb,3475866,00c318ee043c44f16a5cbec134eb67eedd1d24b570702bd381017f06c7040714,InProofV267JzqLdyMmvUy4CgvBXJVAFdvzzK7GcknG12mybujGDvMJEvC4EHpsF4qZLZMmYsjT4jvEYAGy8sABVPicfZUtMcSE6UL6sPdFqRGayhsQzCPJg9nACcp7qwbTk24oDTsdTZ
7804f957c13215e6c98d54c443d16d36e603ca8a4c81ced9e46449bcbd7c6696,3475510,3476208,Deshe was here,7fd427fbb3351a2f6335b08105c67b6e603d375123f986d3d5351d2b6e8f7961,3475865,ce3b3354a2d2916b799e22da610d1b33c995be9e2c10cc504cc1261b0ba24dac,InProofV2SHiAZcCkDRqThxkNVS8CAm4ZhYsSK1FSRHHQcFwKe86E2V2VYpTF5d5d7byNc2pM53327tc87GNXZfUV5bK87mHQaVH3cEsFs8Y2GdAdcBCQA1RpnXaGxX53SLxvfAvZpRqL
7804f957c13215e6c98d54c443d16d36e603ca8a4c81ced9e46449bcbd7c6696,3475510,3476208,Deshe was here,ff9ec7592b9b01d33ae2a6912d1c9240b3a5d5d942d372418f18752af224771d,3475859,3b88cece72b45e5cfacf313228a09130a56af1b84b086e50c48dd2e64eaa72c5,InProofV2Szaogr6R7Us7FFTNJYtpSzaBLjfBahPtH8LMqWXBs7MG44tdEomgLXsFifhTuvp4Nk1tzS5UfHt4a3ycidL9ei8E4h9U3xwZWHQaYCmDcDsF55JDoqiwkdS7YDhMXQczPqtU
7804f957c13215e6c98d54c443d16d36e603ca8a4c81ced9e46449bcbd7c6696,3475510,3476208,Deshe was here,17f6d12a6c550803e01fd3243403572096b9c26087c6b7f2877f917327ce3727,3475858,636e6e9be0adfe4176edd807277408f293d938d7f6e782b3f3fc918c50614d84,InProofV2a8N11U2NHbcGwazQ2X8qWsPt1PTFeMPiAUe68AGtBqdu4yt9BQLqHYf83gYor8j8KYaC66kwueBDv3L69oXbFREf4xXHfEww7bFH8fMn9EdgrqGm3tpJphLwkMAnQLuYtTHJ
7804f957c13215e6c98d54c443d16d36e603ca8a4c81ced9e46449bcbd7c6696,3475510,3476208,Deshe was here,39a5af04c4a33def2bc9dde6462fd08585d2f1c6e4e7101cd870f22709c9d5fe,3475857,ded3b901815b67e19e2a5b66021927a658ccd58724647b68ddf13e732a31b9d9,InProofV2DSeahYyYNCVR1dZNkLHAhkQ25oAS4QHFCUpQbnpQ1TaHM4XNoMvzFYGUtUgrjRk8Qvehe7fQFZvh8L3pJR6TNsimbpDhoe5KNcbjjdt93Wbq9TbQmM5z8Ai884iDhCRxNLNW
7804f957c13215e6c98d54c443d16d36e603ca8a4c81ced9e46449bcbd7c6696,3475510,3476208,Deshe was here,ffe5a91863fc76e0bea8e25f36261f8935f902a3e8f8f224f796ea8edd22759f,3475854,93695c96bbf99963e98b26d7cf1335b516e3c4a9f9e71871e8aa775c6cc7ced8,InProofV2HujHh8zxjTo6PkukCNyhdUhZmW9A36f1XiWcncJNDpBkRSaRM8q7d3KGCjzqWTB1b5HwYiKZkfTEqGgAaNMTghBof8fNwvNVkJWeFnoCvwq6jVhsxk8foSWLvYCWNsPH1PYj
7804f957c13215e6c98d54c443d16d36e603ca8a4c81ced9e46449bcbd7c6696,3475510,3476208,Deshe was here,cdec7ab816b74b8295e4bfe3cb2212ff8b26116d0a2ec483b8b005b835c5f6ac,3475853,18d784cd9575a3c1a8452b8d2770ddbb1040c919b61f001bca5593e5fa34a389,InProofV2MT8XTX9jLngUuWujNqL3NPKNK5vXHUQ7iJkgVVrVaN74b6vuXre3enpH8EYkbb8bakM3bof6w2ammEGZswuoCsntaVHSnLQRFxsHjHkveAMsxshsYMQiTxuheYXbV3YJdCuj
7804f957c13215e6c98d54c443d16d36e603ca8a4c81ced9e46449bcbd7c6696,3475510,3476208,Deshe was here,6848b7c40387b0bc6ef93e7a42f023e023a0126e290ece6f8b12d6eb9c30f276,3475850,e2ab1ea3df740259dab22bbc16ea5fbf798b3d5355e97f60ce305ad539df5aec,InProofV2HroRZ7NfkSjdJgUZ4B44u8NVLrKWTx2urbmgLD8S7tdk8DB3ZjAETA8CLsRN944eXZDY3uTv2zXzkYzhs7z1yGJrUtTu9u7cqYv2wzWCgGhDwjL9EzYAktPxG3MEsfM1fDG3
7804f957c13215e6c98d54c443d16d36e603ca8a4c81ced9e46449bcbd7c6696,3475510,3476208,Deshe was here,9ae37bf0994877d33f678539d29a8ce5882b40bea2c0e8296224493748e4f278,3475849,dbf00c3d3cef9aa2ed281c6b7013c89358ca11bd30c707e15bbb25fcd88d75b9,InProofV2K1upq5PkQfcSExsdUZf5L1TEQCoLNSFXY2Xwqg2GoUEuAuMavftVBeKNhXuTqhrymyasGCbwCdEYK2NBcUyMr5iECMZRS3mWbm3Hos2VbQjKGmVF6VuKUucWbQAXGr77hkkT
7804f957c13215e6c98d54c443d16d36e603ca8a4c81ced9e46449bcbd7c6696,3475510,3476208,Deshe was here,1afb37f39e66aec0b4e696d1ee664696253029c3aa1152568dd3b274de97bbe6,3475848,047bf4a5dfe382ba054bd4219a38c16cb7617178ec6e79cf9bdd53f2c60ce580,InProofV2Q2fTBCKo4GQVtdbVcqvgkZQLZFCj4aAhGav2B6i2Mq4P7DriqneWajJcLkyfKDHC1KcNvNKDxy1ns3RLsWtsimvsVRZNivebg6BYqaAhao8MfjHp1LvpKABjLVHsZHr8xJNx
7804f957c13215e6c98d54c443d16d36e603ca8a4c81ced9e46449bcbd7c6696,3475510,3476208,Deshe was here,0a84d18a2e7fb8058827bf3c10ae0681ccecfbf21934f14c0ad696659c8e0284,3475847,2d037a8655cac6409b4bbd54d5f35a368e57e0bf8db929fd79fcbcd00647eda6,InProofV2i5azjBj9X78aiAgWawPqtsPWQQTpoje4yZGW8kDmH5d5WcvppbWV2CA6KxP2zniazUNZb4ACVL23KgJ74vMLoa8gFT41m6En4wHTsbobvV9BstLwQi9kXudJ75b9jLzp7mCY
7804f957c13215e6c98d54c443d16d36e603ca8a4c81ced9e46449bcbd7c6696,3475510,3476208,Deshe was here,c012b3660e876cb14193ad0e1d9dfa851252fcc198adb2e29ec4b138ae8db63c,3475846,c2a5cf9fc5c309ec2de115ea39afea093eccb81b5a9eed9535f4da87f02d3203,InProofV292gdyPkVkWmWemtdsE36Fs2ZUgYcrQG1PCu2jcrVkvgdB2GKYkhmKHo2uNuzfNU7dd8f4u6c24RtYhCik1oWahrMbJmyaoG9dmS4oYauBXWNDTM1bkkNr649ehxP7LMqeffC
7804f957c13215e6c98d54c443d16d36e603ca8a4c81ced9e46449bcbd7c6696,3475510,3476208,Deshe was here,a4224649db70e5c22f26a9bb0e206d06f3f7b2047f40943f13316939a8f5fd0d,3475845,833c14cd76f1dd036715e0d04a3b44a47bcf03a55c7c7efdf2cd83397c007945,InProofV29LpLjMHadt5h7jEe5FzBmCipGxKU3XExw7yRtfM3Y4g3hnNa1S3NdKPiwWiAJaoSk12gDS354QZ5BgXoRo6kVL8PdZDYExnrT7u5VCqKzsz2DpGUuhd1RDMpTcaR8K2eiTqi
7804f957c13215e6c98d54c443d16d36e603ca8a4c81ced9e46449bcbd7c6696,3475510,3476208,Deshe was here,587d6b94ebd33d1babc2cb8f1c3fe1e599d05c92905feeca9cece5185da89cd0,3475841,b10bbe7f849bc3dcc1b0d39e0a78c5dc92654df922e017b0676e6ccb13c33e9c,InProofV2UpcwY8iwHPYM1cLeN9Yeipcjajxi229ME22WyzghKu6oeRxTV18sBtGMAFG4BqGjkLcMD5XJzdBMherUg58wF8tFNBQRZ8M8vYYQf4Zttr4cxc6AYEfacK7oF6wc6NXEK98o
7804f957c13215e6c98d54c443d16d36e603ca8a4c81ced9e46449bcbd7c6696,3475510,3476208,Deshe was here,1ab890b49e03827b6518e9e3f8ff253041b73090b2da9af8e9e77a9499a123ad,3475840,118acfeac193f18681a4d78db677bf37a42435f9debd284b43cc72b2547cf5ae,InProofV22sn65N4RXtvfbQwbyve4s3fmEwmioZ76RgGR5RZDdC9k2jmJTPrniBAj3p67pdE4qMBL7b3hBbKqJPaPP8YjMMFpAtifvcaUV1GNQ9PMeHdH79SFAGDjEZH7R6kfpNcuUS7H
7804f957c13215e6c98d54c443d16d36e603ca8a4c81ced9e46449bcbd7c6696,3475510,3476208,Deshe was here,2bb7c90158910b2e12b09e56c0ff728964c0adb25ce1b0b25974d0144e1dc79c,3475839,d87c55bdf25569bcd25c803d0e63059051a03d145f53f7deac1174318ed1ba88,InProofV2BLsGZYGspEuSsDTCWuF1XLhRK5hRsfo31XhurLZKXeGrh7BigUtfB4URzEyJnj6PNmARW5Dq8NDKVJqsJo1e2ctS2yTCsMHP45uPbWGwV4siVdcoEMJTrXAtr98ME2WKn5wy
7804f957c13215e6c98d54c443d16d36e603ca8a4c81ced9e46449bcbd7c6696,3475510,3476208,Deshe was here,949f4224203b65aea772028dcb6b04f632ffe8213f01df75cbf9fe7ddb543cbf,3475838,12c3328ee12f710ab647e160d844d8d016c5ed24da9a5894c50b06086871f87c,InProofV24YWAHdgCmqNEwL1fKWQn5pAgZLqxLVgrpNi7Joz1k3hSChqz2mzJuubHhLEQqUgHHt7dpo1k9xah7frnGrydutHMG2vU5Xtw75KPTWHuE6hFpr6nZdfZAkGRfgFA4VBQGQFV
7804f957c13215e6c98d54c443d16d36e603ca8a4c81ced9e46449bcbd7c6696,3475510,3476208,Deshe was here,289f3a7a96eb6c25a68b6d182650e75a92a9d0e23601335af13b993e868e8da4,3475837,a1c6e9ea281ca2457038326f7f52ac21cb4f9b82eba4eac7eab64daf33802241,InProofV2K2nTyvojrGvaUq3e2a7jxC2VHYaFrT4t6UnaKRMhEfGEKvBbivCcAy32zDt8QzREJJietW3Mcstf3iphWnjGhN9NZZNqdMc4qbL76UE6o1Q5noSpeW2oEJNKeArxczQ3JLBj
7804f957c13215e6c98d54c443d16d36e603ca8a4c81ced9e46449bcbd7c6696,3475510,3476208,Deshe was here,87b9847ecfa3df60545cd9e45ff47bcd57eed28433128bfa67ebc2c6ddf39148,3475833,b2d5af378b2d6150a67da5a46a915ad7d72635a84827886531efc901c9d7d02b,InProofV2AKmxYCKD6QFCXTMCwr8GgR6tG4WiG3notEwtxBeS8KpK62haAtuXZcNLfn6MYXgF9HHRpU9xAx8iBA6DVBAZa8HjdxD9e2mVXzpEuFKXvpnHaJV3yhoYmueyR4sgVRgkdp4D
7804f957c13215e6c98d54c443d16d36e603ca8a4c81ced9e46449bcbd7c6696,3475510,3476208,Deshe was here,caa047e33ec7cefa490146a0a1dbe1d8ac339977e65790351a089da94dbed92e,3475829,516b1d8fddde0ef99cff43df7a97f7af87a1031f5b6ec1daad2fe4714bb7bf7c,InProofV22UtxP8z9fVDbsra7wpqqJAW6k55tuKXDTAbvHxSG1dRQZ1hamWoHhZ3DVKyNytSXsJ7edjMGDwtNGFiT6ALppfHdgBEEBGmaBZ1ejUuGUVZTgkWDa89KWpZFU5UQdxC5tDeb
7804f957c13215e6c98d54c443d16d36e603ca8a4c81ced9e46449bcbd7c6696,3475510,3476208,Deshe was here,5a47054dc3cacf14c16c1a4490f50359538f53fbfb98925f6dff7d39ffb51c6c,3475825,392a39c5bc83b126c4e5919fdba0281516ebe8c879376c0f33a915f03f2c4de7,InProofV2hmBvQEm8rHrHKjTyPwMtLsSFVJjxNu8MwiWcJcSnmXzFiUCoVzuiKaoM267CRZrAsfSuaAGQCW2hPf5RCdeTcQAFf6bMaZtVGVrGQHy1e3dNxqHUFfnDb4NGN4mwG7hEak9z
7804f957c13215e6c98d54c443d16d36e603ca8a4c81ced9e46449bcbd7c6696,3475510,3476208,Deshe was here,1a856ebf9936d399b34b730d87ae729466889313cd39343ae54d8a66c288a5d5,3475824,e6c4611860363b6f474721b2e831e88e9b14b80c26aba322fa16b216224e735d,InProofV2cw1tE12smGU1HQdhBSxbzxe5V2DJ3fSeDMpRLuxE2crt2rghqxzvtkeEh22ryNJ1yvQaqGCNtEh9TGTg4dxM87cGWr5hH4Uivctd8sTWAV1ayX952kvjzJQe7g46N7ZYFrcN
7804f957c13215e6c98d54c443d16d36e603ca8a4c81ced9e46449bcbd7c6696,3475510,3476208,Deshe was here,d1fe703b7e89a608fe73fe8c268e095e94f65b3d1b57c05235de9330b684b7e2,3475823,ff1a3418e93ab1fbb5c0949031e7b0daea988e43db6f771e8498da598cc20177,InProofV27dSrmxaUrZXKt9EctwR9E4QY6cUcbig56TYkzpqfE4LvVP2mCSKxZjAiEkkpvVdtHUB2ivb5bXegRahVWESUfjYSf7SS3a26yWz3rVW42ZmvuvBPGdUandSVTUst2t9zmb3b
7804f957c13215e6c98d54c443d16d36e603ca8a4c81ced9e46449bcbd7c6696,3475510,3476208,Deshe was here,66780bcc99f302d6b9f327cb96f41d6a287922ac8e83f9270ee41e9c70baba76,3475822,427bb7702ee270b73bd0aa0a961e948827a0fd0d955f4abb9dab90176affbba1,InProofV2gFBUzcx47wqaD9VrpMNeAjjbUKKpUnGkBFRAyEV6VP7AMs2ksXCvM3dViE4ud4zekHFZrvbEe1XD49B8nnzr2pyf63nyN1N8nEjbB7eA451qcb3LwsSvnkAC8HtVhEkzfs74
7804f957c13215e6c98d54c443d16d36e603ca8a4c81ced9e46449bcbd7c6696,3475510,3476208,Deshe was here,52c440b566639720647c92648ed03ab58281970ea77716df2c55a24e25a8b147,3475820,c0c5bfe442991c127663c7e46af4e8830414e8a39a0bb44b3eaad6bac7f7555b,InProofV2NxFSEKdAvJ1Drc49TXtNDLGPeFBG2D6piEUtuThpdxdp6FParBCN7KJTBYRGxgMaGy7S1UknB8FQybyFCBT8r88ZgbG8j2ado4S6Cfr1AydTd4aGCdgEcwY5o7Lc1pZFKTqP
7804f957c13215e6c98d54c443d16d36e603ca8a4c81ced9e46449bcbd7c6696,3475510,3476208,Deshe was here,569b7c28c6dc0db85c0eb49b0b980a094e2a4a5b8037a14c2f7ea8f4257f138e,3475819,8ff4fd3ca6f665a8659d93072378efca828e1f24a2172b335215818db82240e8,InProofV2EKMsUBPXBAWTa2yESJ7W1LXEkD8FEMGZmFpNTy1C3fN5Jgu6CNVvEYDjPdu2SLj3XHRUrwMGrCpP9DcD46q9gBUbf4MgpLndsJ4iDjttaKnrN6RQojh9dqeGx7o7xRt4TFo3
7804f957c13215e6c98d54c443d16d36e603ca8a4c81ced9e46449bcbd7c6696,3475510,3476208,Deshe was here,1e79b634f521a6bf84087ff6c40f9bdddd934fea296bb3dab4535282bee4bad4,3475818,1310f59479417c6f44f0e66cf6f7d0b4b4175d45b44e471055fe7e6fe5ee7157,InProofV2cpMKRetZBXTgVp5rzcfVBPDm3ibTAQpw64sXdwDuok1rKPfeVqMeUbMDLkUmNnUCWqTWHknQRfrCBg7dbf2Nr6Ys6KU79hXU7JSXB3DYgdaaVz8zggXHdnyjTa2MT5YoGdnt
7804f957c13215e6c98d54c443d16d36e603ca8a4c81ced9e46449bcbd7c6696,3475510,3476208,Deshe was here,9d29277449180e30925e8b49b86815f7b2a159ba79ee62b63c81abd01f6872a0,3475807,1bee573161a0661fee0dd65506bce10eeaf3051c18e28b2dcef6b31a34d41426,InProofV2bUnYymmYEqUJ4C5eGyro4KbEErqiAPczsXJtc7ZzqwMX8EQ6TCxoUnke9nXmCb2vdv6PWfwooJpqjhmyejncRwdqJz8AHKYfgsHjJSwXmeX3sg7anqkTdwu1YaLDfpo6GsSn
7804f957c13215e6c98d54c443d16d36e603ca8a4c81ced9e46449bcbd7c6696,3475510,3476208,Deshe was here,20d804fade1a34e62b72a30222c6835b250d58399a3fd5042ff051bf5b1ece11,3475806,7b4ece493a41f078f30dbc371157432d1afcd68799b0d24f31af2e9ce80724e3,InProofV2VrJ6ivisMcDSJGaa8794MPgDNa2y4zfAuTw3zmRHaXpf6YMbHK4dzt3VJYModRrHoKDUAoJ8RRiSg9vwaQ5DtzjGTa7uTxA4W6ucLKAmjnbv9xTYtZXgRRnLvBSKT7kQ4fBX
7804f957c13215e6c98d54c443d16d36e603ca8a4c81ced9e46449bcbd7c6696,3475510,3476208,Deshe was here,2bd78e88595fd86e4528193a81edb171f20e730b5f6356263ed2bd700fd06876,3475805,8c4ca0bef49554af9866feff6a729228b2a291e4f0fb73154fe6e2b3e9109cbb,InProofV2Sk9t9XNsozVc8qZM7RPZ5pXtcStFhMzfEcfN7nRP8pTA137GboSvXzL4QaA5xsiarDCTZ2CsyY1bNaDaycNUhg4DasKnouYEfrThxBzanLWDoeSxQ1YR1V7L63469jXxvdEE
7804f957c13215e6c98d54c443d16d36e603ca8a4c81ced9e46449bcbd7c6696,3475510,3476208,Deshe was here,834f791c66b4ee2f0cd4a94f68aa8118ba5fe1f339a4b25f3ab1e6bbff488b36,3475804,a91532d004f0ced57d380796c87e000b359c2890b24375b6cf520222cc807e0e,InProofV2iYQpiWmym4Cex7cxDMC8r2FsVMtdBnKh3cxVc81krJCxgZ8SiVC9YWtDSnbZ7o5jBPVCnjMRkrWQk7Wzce1wZsq7YmoueUjNECCfsM2puEsGkLRxfRYt7tpe9QUbP6JF1mYM
7804f957c13215e6c98d54c443d16d36e603ca8a4c81ced9e46449bcbd7c6696,3475510,3476208,Deshe was here,88ea0f2a0d44777380a481a5fd8bb10053548590cfce56a2b023f88c1b5a9fee,3475803,c8a977fb50d789c5af97e592456502de288daab2c91ec109cbeb33b9fa492830,InProofV2FAVKbXr7zWhFN77A1diNP1PbHAwnsY57XVqNQ9HJddLMGn6n4CQxjc3Aw8JDEpz4cEigpntmW67J2cxAR8uDYQJK8T9Rk5aTh64MyydsqpoEG8ZS33fkUFnmjXjqESnhrpZh
7804f957c13215e6c98d54c443d16d36e603ca8a4c81ced9e46449bcbd7c6696,3475510,3476208,Deshe was here,48af55de6556453e58229bceb59fd9ad5d15512109ff7bba6e4e804d4adb5d1a,3475802,2435202a414d1d7b5fb048917b0da02285d12bb99c586806ebfbb08421f8f023,InProofV22kKWoAERUA4gNoNfFpnTytMk2WwJF4qEQ9EbCSQtt4RUdFrLFzipx2ADcAErZ155TiV5RPp9qQa9EaFQpYKqPiFkZNxAPr2PbEBQ5QUwmUmuU6E8SuT9X1FmxEiSFgqgqijG
7804f957c13215e6c98d54c443d16d36e603ca8a4c81ced9e46449bcbd7c6696,3475510,3476208,Deshe was here,ddceff27929a82cd9ed7f03be1d0e2999cbda77780e345e39974859bef4bf1e0,3475801,3e4313a42aaf9a3d3df2a5239c3fd44a7671fcb4c2e43aea4a5260febbd82dc8,InProofV2GpHgv6FuCyJ2PcbUcKMPCRgbRnqDdcqSc7oTdc91AsvJEghT4fLgtjRgGk4qUCzartFEqt7DGbWbNWSpPhk4TQ42jSgPzRw8jpJhfxPpRPPeqUfHz2yvX4zMDNqpFtKLByQv
7804f957c13215e6c98d54c443d16d36e603ca8a4c81ced9e46449bcbd7c6696,3475510,3476208,Deshe was here,41edc1239ccb5b08120d83068776becde797b2a00ef6ad51dc4b2ad7dd7edad4,3475800,66e29737b955cf57da23f98166b9d9a511c596227785570b14d2da4c5f2b62e8,InProofV2EFCbDpHyrbbcTGggrbDwtbMEEpUrwqnkGSEZYpNE2SVaFmJZe4ALLVB3NqofBnCLoCdxjfvHK9eXaCDJM89kAs1kfHAKbwiZzL9TAmx18nagJYQkGhRrDQu55izbt6on9BY6
7804f957c13215e6c98d54c443d16d36e603ca8a4c81ced9e46449bcbd7c6696,3475510,3476208,Deshe was here,8a45a60381f9f135a67236b9ac31833995033794e0ab8138a9777f3a7b660213,3475799,4ada374f63b7b03ff6e77707d6dd68069f7db14d32218e5f359932ac85402739,InProofV2i2fR89iBLyo98vDmRR9iNnQoKPr1w5LNnEFuJ6N7kuZwQB64bXNjfD7SeiehLrZVzpcBPqMq3RT1QXcs1wMqGyX39Zc6XMaDr2JZZHzfLqySRwi696ShbSUaoTt2dBqEPUsf
7804f957c13215e6c98d54c443d16d36e603ca8a4c81ced9e46449bcbd7c6696,3475510,3476208,Deshe was here,6b16d4681c5f36174eaed8fc4e6ecdc818dd9b69e2a57fc01e39f1b45aca0a11,3475798,0e2cd3ce1795360f9b97549cfc6e76e56014d931a71da2e7dcdec50416a75c4b,InProofV2gyoaRFhMuyURkGFbF2267YBFHt4atMgdRXtdG8wLp2srWeppYiejeAE5svq6yj6RiMfYibReWgPAuY59wGWLkuuZj4ifuirvR2DPK8BTkWSJ9yEA5aEdkLttQim3nRWvq9GD
7804f957c13215e6c98d54c443d16d36e603ca8a4c81ced9e46449bcbd7c6696,3475510,3476208,Deshe was here,c5c46c858fa5e4b7949b583978a6e45fc138ec6b5f9a6511fef811376944609f,3475797,857deb5459718563c2704fe7df67412e2be72bd0c8fea7ff05774ad4e4b0fb71,InProofV2GcHvRZ9a9NuFYXCWoHa1ZkUCVe9gaso78KDugm3TNBXpjUTEbMdQ3RwDj2hcHVhFHAENfK4GcfnrUDo3XqSyCLj63mPr4R8ba2bSk9Nshwqx5AiCx2LSP853aShvUHnHeMpf
7804f957c13215e6c98d54c443d16d36e603ca8a4c81ced9e46449bcbd7c6696,3475510,3476208,Deshe was here,14c61338bde8ada20c0d6c8f7b43cfe2e5995d4dcb186d91765eb5f2fa7e30d2,3475796,91a400b4ec40e25feb9a1894317e0bddd57cedd6f17b9c39f3dc74cdfb59ebdc,InProofV2aYwTYcBVDfhKVTFCs825VHHHcLmZ8a5psATfy2KpwkQGZa8t6vJF1JZFYHW5j8DAhzJzpuq1VN8LBGz8bWf4GWG9KHxkC7dqqHrgX2534g1qtEFuWEDL34XoHAKy9TYqyAcs
7804f957c13215e6c98d54c443d16d36e603ca8a4c81ced9e46449bcbd7c6696,3475510,3476208,Deshe was here,35c03962c72a0078631cf5cf54071ec01ab53e3c95ba8a094949fe1e3a235463,3475793,f106c66d3524ff87ad698508cd58ead440087090b2cc0882a24e658697c19e33,InProofV2EwayutEeXuoX5uEzw7fQkCX5jvxT9NZo4GG2VUZMCDLE2UfjfcS8jp5ZXxXUqvNmPQC36ASNKNR7QVQ7Gpfp4vAT7VvUTZcEg46Q1n7VrSNPheZRoLiNaSXuZS2pyNN4i4tT
7804f957c13215e6c98d54c443d16d36e603ca8a4c81ced9e46449bcbd7c6696,3475510,3476208,Deshe was here,0eb8c1752fedde7d583497890b63f5f638f3322858795a2c064f289373e2b067,3475792,9a81dd3abf470837b60a2dff128ec588984ee728466bc6ea9e010b367a0521f8,InProofV2e3TSXwqfinzE57QvjXtXiQHjb3tecgTjfPwqzL4RRfSBLVYdnWRk1Rg3R4fLQGcTHiGjk34EarnR4bZKgonMvxMMBWGQ1Qvght9c1bgcg65y232msZMJph7obGJ1PzGQJ4bp
7804f957c13215e6c98d54c443d16d36e603ca8a4c81ced9e46449bcbd7c6696,3475510,3476208,Deshe was here,6344119bf8d26012ccec0bb620991074a0efab17af8337f7ccd1d87fc4e891a9,3475791,27925f84a5fdffee61d5de62afe83f381823f3e7126e8c19d81dfa492db5c2ec,InProofV2ZCZbjMEicpuYrQ5CGnNNwc2o7XU7nmCvcT4QPwqrZyuuV3m54FRmWY4KXb6WeNgrsLW13Su4yLo6kVkH17wNs9svFUBjo6xz7U5FaKrMMRWQ83PiBETeH74VceqjDByaWfRk
7804f957c13215e6c98d54c443d16d36e603ca8a4c81ced9e46449bcbd7c6696,3475510,3476208,Deshe was here,9564f4a6de6a7f87c4ed3941cd04fd076d2041e49cf34181e0f881fde7b92c99,3475790,f604960d852a124b24b02b0d367906828aa96db9fe868a5db87e56f68040cf9d,InProofV2h7Ycv7BvbaAXsHx7cWAzuceuENEnaPMkGZmR5ri8TaGT6NHk5Q73v8y1S2ApRPumyX6uAFHrG1Xv3VmVmqoo1eAnboMVjL1wEyBVXyhbVieEhFWD2mnQ5FqnyjUDd65FZqtW
7804f957c13215e6c98d54c443d16d36e603ca8a4c81ced9e46449bcbd7c6696,3475510,3476208,Deshe was here,afc2369a3b460e21ab1da48fdab460a35f92d06212746c9c149aa11db93eeeed,3475789,de83a36fafd1df4604d2f91c0c7c532ebedd88e18aa28e6cc851b39de3597777,InProofV2hNn5LL4tDJYFGocUDr7jvXGV9xC3r5MzZdgi2RGEjivSX51nzuobNEHPEsPYMfHqH9SQu9g6awzsEfEFZvD28YWtiemvQsFsFhNccQmYZqFiTR1qgusw2Ry37jNfHZnCVick
7804f957c13215e6c98d54c443d16d36e603ca8a4c81ced9e46449bcbd7c6696,3475510,3476208,Deshe was here,635b55e386d7e186a49cb2b90bc62c049fcf91e29683c757c8ce67893d3e7b03,3475788,b6338cb822aa99f042a87a54f19a8f5050363e62bce73c69a137cc435acf35a5,InProofV27FjTDtG9fxqhGXSq3LpMVcHAmuQZMsEmCMx7UFYWUTgxMLBRQYLuyYhijnqDVFKcHB6f16QZWu7kf5k4duFRYRGeDDbun1dmJVQRMNNFmFjmSJ3V1rgYEprPgM4YTjLSGxcG
7804f957c13215e6c98d54c443d16d36e603ca8a4c81ced9e46449bcbd7c6696,3475510,3476208,Deshe was here,3fe66e39162628a3bc9b19e247090e3fd8c0b20fc06d08b664b1ee15693cb54a,3475787,3c22bcac9744e2aab8b4f06b7fd973a435a2f73a37b9f825a780bbbfd4d86bc7,InProofV25sKhPPmjGhMEgehZV859JRhd6n5LwN3YxMMitZTPWPRkbEQUmGMBLarWEKhxesday9HGqMxiBzGwWLyyuApfQtdQ2m36ef68yxp7a82BmjfupkRrKh19yCNw18c4cbfBp3Y5
7804f957c13215e6c98d54c443d16d36e603ca8a4c81ced9e46449bcbd7c6696,3475510,3476208,Deshe was here,e3ca97be90c3ed923c2993551d40effe208805e87766747161e80669258bf0b4,3475786,ef87d6fcc9dcb2a54f5a3d922c1c67b3147432962e0b9d9da0cc4fdf046f6955,InProofV2BRHa3oj467eeqT4ZaUJZRTKdXYv74KsDtERf88HKH9oVWwpn8qQjNK9JSofsJ6TLmY1PmH5p9Z4hKHb8HufHxaTdW9dUi4XgKy6S6ptrytejN9MYcaxoRyhDCCH4vaYu8GGJ
7804f957c13215e6c98d54c443d16d36e603ca8a4c81ced9e46449bcbd7c6696,3475510,3476208,Deshe was here,48a7b550b78b19b10f6689e17d7ce44428be158128563f80357ca7adf2975a16,3475785,1c1808f835f6a0e3c176b6855858d5c25590918f8a6babc93b37bbcf46ed8912,InProofV2HhdKTjLKcNJ4PAJwmiARm8eUKBRpnVRcc2Q1ERAfMjux4avebxZrL7zNVsiYebi7J3bt7vVBvDP5ZDUy62bknnqReK5zpsZCTjk275PZZ3rNVs2tmch18zoT8FGe6sRtCy6e
7804f957c13215e6c98d54c443d16d36e603ca8a4c81ced9e46449bcbd7c6696,3475510,3476208,Deshe was here,9dc8af6c21eff668a0734410aa01cde252d211ec5df59cfff87c0be653b18bf2,3475784,6c38819b385be0b83e4ba3294a44e3b5bb71421fc393c490fb5512442f862227,InProofV2UL4uCAnHr1sGhsdRsgUmL3X4LDJKDrT6tdhwkugB2hgfVRBqp6trD857dLaC7Xn1ofBWYLsQ1L7AYRn5izN96Mza1qGqEatTuL7MPVrRM4NwBT66g1GSMEUgSVfYp9jwTWyP
7804f957c13215e6c98d54c443d16d36e603ca8a4c81ced9e46449bcbd7c6696,3475510,3476208,Deshe was here,15971fc662b6c274506f8df3205335f826534041944f9856409dc29dd6da59ea,3475781,23b1c909f58cf380f9b099e86829a2cf4155c7ac6d11fb65c1d686d88b45d994,InProofV2Jq3ezJWF4B8J61SzQPvpgMMQzSq5K49LbQowf5vh9DUJ8DQrm4mphbVVWVQPKsoWrNLP8mESS9R577jmucJZCXfaLCoaSTVT9Gm3E3igQd8o4B9WP5zbYcxGJ9SUFmnqaHsm
7804f957c13215e6c98d54c443d16d36e603ca8a4c81ced9e46449bcbd7c6696,3475510,3476208,Deshe was here,4fb6c04dd4b2b7eeaa2991f2d30dc36abe61805a1ce7dd0f8ffd5043fab590cb,3475780,ed5d432f139f51474a565ed21d3d44df322c075e7eded2f8de8c119b0086659d,InProofV2SjGppHhTCuDNjR2UPfXDbPcPXxQAQxssijgyHjqXbQY8S5EfEdYEofg6AmFXgWu2Qt4SCb3mQRcbyHfZg25EQz71VGsYuCrRifFcXoJuqX2m8bXXWVNUBUkzBco2hsofoQzB
7804f957c13215e6c98d54c443d16d36e603ca8a4c81ced9e46449bcbd7c6696,3475510,3476208,Deshe was here,b294958de8bf290b264680845e8dc36c88c612fc02721aae657a8dc2cf6b9d7b,3475775,73bc2b1af55765b5f4b2a6e0990f8b60794cf6564aeb0012352ec1d0a4d37299,InProofV2PEQeSwZMHERPm22JkZ35Qv4QGwJJpp9DTPB4YuWtx5TD2MVEzJyr64XADr3BYs575oB6mKT8aZmd6cTSHvwAKxDs9fhzET3fANjGLV7HSkZVCz9XRvSVVQBnbUeiauHCF4dU
7804f957c13215e6c98d54c443d16d36e603ca8a4c81ced9e46449bcbd7c6696,3475510,3476208,Deshe was here,6d65208e8b5fbe09ab601abf8264256ceb5e2bb718a253acaba4f7808af149b1,3475774,2e97eecffbe8ca1b035337eab3c766cc723d240a098f751a8881cba6da24da20,InProofV2CBm3iTiy8DhFuxAqcv5eFK4PHXtNUsgjuRLAnNsfUVRcQCw9WXbnosWZaYye7FCw1xZ4dGh3MLZSwHLDhfu6TvhWFKeZkAYPZSpEq6zJP9W3NfRc5JMsk2K8h1HFJQskx1nK
7804f957c13215e6c98d54c443d16d36e603ca8a4c81ced9e46449bcbd7c6696,3475510,3476208,Deshe was here,6b0af8152f30b5c338ef7f6687ada02e1828db751a75d92f9a5a4e78ad26c750,3475770,b6c8bedb209f89dd984666a25d880d3127ef088a80035941eae93cd7c4fe19b1,InProofV22VWDy4qZrVadauvEGuuaQk1xA81pGXA9N5US8fR5N5Lt5abwP4uiNLkS6tuUaDKbN9SaL4fn4wDwcAhcrTJc7GrJauk9BEEW6zm9fJw4X6KDjcUufSWkJxFGKN5HfTaqFDPA
7804f957c13215e6c98d54c443d16d36e603ca8a4c81ced9e46449bcbd7c6696,3475510,3476208,Deshe was here,c2fb6f82ee48fa473111720df9ea99272e2a896ac5e8269a2ea1e32811cc4e84,3475769,84468e8d3776ba4b56b10addd4e7b0a948b936a2921983b05d6a836dce779518,InProofV2FLAH1WSMMTd57ksTacxtHhZW6cv7QZ1kuKhvnqaJPyfA9Yk7H3xi4sETGN3FAAGKvwQBZFDF6dwTSFdL7fW2EsB7Pf8H8LfpPnq5S6jDDecNUXBMpm7Pc7aHcT5jYVckdi7x
7804f957c13215e6c98d54c443d16d36e603ca8a4c81ced9e46449bcbd7c6696,3475510,3476208,Deshe was here,4009885207a6f2d2e25970a91f284065e4b9d9c8f0e630912db8066dde7e79b6,3475766,71e1a6b66a149b574ac8b4138fd070bff6d40f14bc8560e77193f98161172d78,InProofV2VZAYDWkf6R8dgaw3FA3dPwgXtR2oH8Pv8QsFFQQPdxfySPHFMMMuRETBSziM78baJ1X9gwn9YXRDw1xVJif8NYo5Csth5gX8hRLcygBhsrvfreCnHBVz2d98DFTCqYrPpT2A
7804f957c13215e6c98d54c443d16d36e603ca8a4c81ced9e46449bcbd7c6696,3475510,3476208,Deshe was here,06acd7896abdc5d4e59ea7d7c3f1ac1c54ecc71de59bf8e729dfab0dd7be9ea5,3475763,e50d0070cc69a62a62caf646f5c2847000d28c5074a8d5b7a7e06ab0570979a7,InProofV2iMUzR5m37JoVbQSTRAq6wg6GQjn22WBuUGg4jAykzJ43eHnqn2bJw4v681o3fRKfc6c3zU1b5b8jKPb6gezKAh7XgKMBBA4t2KL18ZGX3NWKnyiQSz1PpBfwQBtwoSqsmiv8
7804f957c13215e6c98d54c443d16d36e603ca8a4c81ced9e46449bcbd7c6696,3475510,3476208,Deshe was here,c5d915bfcfbfbc3d3da6cde88ed47cdd7b789a193617d705bc65941fe6801f3b,3475762,9691bf8b5152b448ec45d2661a5341758b91ac12357cb0ccee205b055e91a825,InProofV2E5T8j6CNK1TjR34UUmHszYSLsVhfsz9hhHNHFCYreVimfYxJ6754recFQ7CehQFaLwJaK4sNkqDEiQEGqq76FPWSSMekC54HuBBfm263o72BazH62dUTE2vVy8FpB7A7uxxq
7804f957c13215e6c98d54c443d16d36e603ca8a4c81ced9e46449bcbd7c6696,3475510,3476208,Deshe was here,b373e0c063f61e49599a998455bd0428d2e4a2be5f658e682b92f6e195a966fe,3476201,7fc100b1d9ad3d11515560f91d13be115b44168cca4ddf7a83faad799c2315ad,InProofV2iQS36x6aNfVUc9oehzA8p35pvQxSvvBXKdSqKeq4vipUc6TodDWYBAvjaG9HJV5NsVTR5jSmoYKWCfYwGfueeiMaQcdHxwCM8ZrSif3U42uygW8QMRxbSrfAwA6ZdmpfgGqx
7804f957c13215e6c98d54c443d16d36e603ca8a4c81ced9e46449bcbd7c6696,3475510,3476208,Deshe was here,b9c80319ff2cf7cbf2a0d99132ecf2085e1774d73effc25aa2a4abb501441b66,3476200,45a8e38e764b863ca7af28c669b0d42ebb5e3ff7bbe4dd55099aab07e97e23e3,InProofV2aNChKfsqzeX1wq6zR6Z4iRUGgGkrfLhMFNU1TSqEgiRrU7CNuffDdk2DFfEETJRLegPVrAXuoQf7HgGrdaFeV5yQ2RgmKbz91L48XZap5Lvcr2jQuStevSJHPaTp7kTiHGuN
7804f957c13215e6c98d54c443d16d36e603ca8a4c81ced9e46449bcbd7c6696,3475510,3476208,Deshe was here,651d97526fb3e2630467265ede0d1ca5db61e187f6e8f1884e7ba99194646f15,3476198,d2e96d66458ad1a6f0a8fbd9a22a6c2fc0c6db2fa9494e1e94f0b05b96e07083,InProofV2QaEA39Gk5LpHrqY729gbuLPdrdTgDhS6GghTVLUg5qZiWgmqNv7yqR73wWPGYnHif47tmarSurDAyKrHSo4vSFgWT3u4FSwvgxXXweFYaxGhHqBUujBZEsBcDEFwqpWhWH4s
7804f957c13215e6c98d54c443d16d36e603ca8a4c81ced9e46449bcbd7c6696,3475510,3476208,Deshe was here,1f0fcb0c279204f7f76ab4e13cc7bc91a789e7b324a4cf0183cc07b51fb7ba85,3476196,7ddefa7800445b770eedaaeb129f4d919108438d92457e8a1b399b959b88c4f7,InProofV2MUpm5CU7cHJWEFUUX7z3ziB3L4w8J93sHJdmXp7wuqAn6QWXCQzYHfKPJotmpZqY9oYQnnuACVAhh4gXeGdVmVtrFuiT6L4XaaZJ7avGR9ds7AGtaZv5KD9Ved46GvhMcpc5
7804f957c13215e6c98d54c443d16d36e603ca8a4c81ced9e46449bcbd7c6696,3475510,3476208,Deshe was here,ee2e1ca884e899135d3336fe959050d6c53d071f76e8c36ffd68622245856370,3476185,4f0b44c0e9a68082bf86f92be8976ea68c176ef04793d27c14df99cba8dcee76,InProofV28uyDedRMNPgP6Nc3dx3XdqaGMoHdQV4higq6fzmZRKbDeuPdFEedVARY3wnPb5N45YXGUA3cKmy8j8K8A7kM5z2FKm1swGbbPkdKjmxwZvBxBPCziSpbtfsAchoGUHxiRFbk
7804f957c13215e6c98d54c443d16d36e603ca8a4c81ced9e46449bcbd7c6696,3475510,3476208,Deshe was here,abb3aa679474a6e4168f0827b9fb3cde32b8778cf651fd7e282b625d6483d10f,3476183,2c55f56d6175a595ee3753ae5fb8a6dc844ef6f1876d333b8f107bf57270bb84,InProofV29SojXFVagjFhR3P6irpLuZ85HerCYTtR1XNx2e8Wwo8S5RS141uddeABEo1Hd4PHK8SpDksakGBLRZaPZauzD5AwSwSC4EMY6HqF67yaHsmYd6cK9rJdn5TVpV5bTnczHj9V
7804f957c13215e6c98d54c443d16d36e603ca8a4c81ced9e46449bcbd7c6696,3475510,3476208,Deshe was here,807013062fe83c7a844891815c42a890ee339c06f2ba1f51a689fac2d19d2782,3476182,d8dcc104ccfba2edd0afe40e8eec6560563fd1680e8917e97b5866725c2e092e,InProofV29bT3vZq5gspjkEzACdGcowd4c68K91qxHJsvV8YjGToUHqBtmr1XA82PohWETzNCyK22DsJS1J653MjwALbxPNatfd69Q1YqmjeBgifAmEtoSSTvjXPnEXs2JVh1Vw2gQHtF
7804f957c13215e6c98d54c443d16d36e603ca8a4c81ced9e46449bcbd7c6696,3475510,3476208,Deshe was here,dbffdd1dc642bcd04d015b56ad9288d970a3a65b482a152b36a36945a150ae0c,3476179,36aebcd096053d8ffd474703816d07ecb7219aefa0e5ed04082862f56c1d9dcd,InProofV2AD3KM5PpFzafscfkhL3bJ1QqLJ7yLLrFNMyg28cfaG96dU8DUyE2VCWE3gbgrfoFb6FXE5Aana9XShG8oYJA2d4wMbfbuLgGeuyKNrKovNsmLk2bjNJAM5xWPNZW1UjZX3Y4
7804f957c13215e6c98d54c443d16d36e603ca8a4c81ced9e46449bcbd7c6696,3475510,3476208,Deshe was here,dfc75305b122514cdffe737c412ecf4bd9116a5dfa4892aec4392711654aab54,3476176,248899e94aed69ec522c41cd6d563b4e6a6918381268d50d52c824de397f86cd,InProofV2Cihxw8dqZEtSeJXJYe3ZraaTHzra3PRe9NnzdmVHBiUCDM3REwiCVj4de5Cy1gRNJ9D23fB8TETJmCrHn3k2evSkacL4u5i6kREVZZxNNX1SuNbDGrKsbkXCvd5GUfEh7Rch
7804f957c13215e6c98d54c443d16d36e603ca8a4c81ced9e46449bcbd7c6696,3475510,3476208,Deshe was here,4b686260d4eb4049bf26717653368a6be138ee7b26958a3d9702a6445d16b8ff,3476174,b1a7fc6bf83f34b4a6b34ebd331f344c8e6f01ecd44b63ccdac0ba87720a3437,InProofV2PB5H19mJTGq7TbDM3FxrTm2LMn6vGuiFKbw7sXup6EuP6LoL5B1WArLDy4WyboKGkKRXsXKJfwkqsgmr5PUF8YnW5FLWMGWtvJ5DxznTMFC4MpRoUJcEF5k8XMeEBjwttsaV
7804f957c13215e6c98d54c443d16d36e603ca8a4c81ced9e46449bcbd7c6696,3475510,3476208,Deshe was here,e50b2a3d8d8f623c24a011844c1abd032bedd8774bf8853dbc631eb6f8fa0e99,3476164,532bff21c561e1573ad14f6d99b49251a64f5c30e80538fc64be78620ba56d83,InProofV2funMLF6ZCHFTkaTtJExebK64tP6kyMCYoBU4YMjqCyvN6ar2MncGJkGTCjU3grgKgQ5znpAVdFdZ3ELKmhZwy3MJTNVhtNRSgYT2AaRqfJBKW8LvDd58a7Q4CFKvZGCEWr67
7804f957c13215e6c98d54c443d16d36e603ca8a4c81ced9e46449bcbd7c6696,3475510,3476208,Deshe was here,0bce020644229e7c3130305ced3cf267f212478043ab1717ef4d31aaeed51873,3476163,8774cf53e78656c9e46bfdb58863b3e39ef1d7b39b8b8fb85a9a5c8dc2f3e31b,InProofV2bx284vZ3cxkEZxDqpFKFvsU7P3wDHfzd6YP42ku8sXeo953mqaJMQwQbFGo45bfdUBBjoenevtXAjJJBRHKRHEqR3DwxkSejARRQefp7MBX7oV2vY2D4ZUEppgHLoozC9tDU
7804f957c13215e6c98d54c443d16d36e603ca8a4c81ced9e46449bcbd7c6696,3475510,3476208,Deshe was here,766b3cffc8c7a021ecde5319c4ebf0edac8c8cb85beedf698bf1f2d2c2540207,3476160,3ebc7bc2120f1990e1f04bc0280df6abe4901ca2cb20db0c3b990ae2b81b804e,InProofV2P8wDnXHpgbkMYgW1Nk4omYb4MQXH6rZUK8shkRAgTWL9CyeQUfEPReB7WDyxkVB6LWQTNuWbMgWCEBgMg5kuKsokA1oyzKAKpc82pFbCcHLQRXbBFvNKHWYxgPL9Lozvd54t
7804f957c13215e6c98d54c443d16d36e603ca8a4c81ced9e46449bcbd7c6696,3475510,3476208,Deshe was here,0661b1f7a48957225e0fe3e7635671c299aad9df1954f940fc7c0e8b13200189,3476159,8a9f899630857baf28296c2a596dd758d8f3aca9f0db7e09951f510677ba6613,InProofV2TW3ryRvLKAjXtZmizxPJhXhD6d4yUGPhzdHP4kYrt4mfGzCn85wEULpQ7jia5Y45cuVYLRZBmrGuvcxkF9qMP8sG4c4cePVMRiJ8JuttN6unTh41pJBF1nT2MK8inxLmnwLu
7804f957c13215e6c98d54c443d16d36e603ca8a4c81ced9e46449bcbd7c6696,3475510,3476208,Deshe was here,3d5bcb42924a8b6b4b98a42072dfa4b85c23e18041478f4d909682c9ccb61d0d,3476158,0a5bfb9570e446af5fcd9c35e5a1a64547cbc38a73b7c9ac60e448bc9d9a6383,InProofV2ATfu7ZjTnpPWwJtwHvesgz8kL5USHZgL2VGJ2Viq58HfBrtsjsoXT7KUCyYV1zrWrJQfN7SfQ39PrHMUBkwgzD7XL5Ey4BuPKfyNM6uDcXfZiKKRqr42LShfDQYqJF9diS9J
7804f957c13215e6c98d54c443d16d36e603ca8a4c81ced9e46449bcbd7c6696,3475510,3476208,Deshe was here,35b282cfab2348a1f7aa9f7ae0ee1695d732cade5f996107c73583254c4c8de0,3476153,f9a6659fa49cb5a5da4169a72b53ec44c5d2cbbf75270f6d0624e5106d8f0643,InProofV297V7rFWmz64Nb6VKeKePMXUAoys97ydq3HreS5rT9zPZJYrunwLHBk6VLKuXaXRfbH4CZu3QTht5eM9cae34UySH3wteqkRHJY7BX9uKVQ95trVF4ynaKwcXripuS7moD2p1
7804f957c13215e6c98d54c443d16d36e603ca8a4c81ced9e46449bcbd7c6696,3475510,3476208,Deshe was here,a996fb346acfb748aa638faa5f119ef95a176b930572c80373add0e590efc163,3476151,82c3f2ec89d6df69f1d2b7b23c47d2141aff5c7fee380490725319429fedd4b8,InProofV2Q9e8v9SYo9s2o6TbtCcoKd56zY2CFVWFwTxKnCiVA2Xmb2CWqvJP5aPQ4eLvnN9LLrHhceSaR1QMFfxu99Z566nRZFkanoAbW8TejJvDoTHZmpVncvNDmTYJ73TwKNUZYd5W
7804f957c13215e6c98d54c443d16d36e603ca8a4c81ced9e46449bcbd7c6696,3475510,3476208,Deshe was here,f5bb7cee827a069adcc3946779a351bda94f202779f51799c7d08f6b2361cc9f,3476147,12d35ac4e84fd0b9d6ee0afed39954c30057c07c7e2834b2412b4cf97fa4cc3e,InProofV2YL8vdn5MXLHj6XWdemMgKuHxcv6rY3jhANcDEB8EEB6m2PD619Q8LuvWCDeCegnH3D8dMBoYcqkKPDXJEU4YdUGeenkAQbCHe5yhzv6JLSvrssG2wtZ6M8Py6FWzDunTk4zw
7804f957c13215e6c98d54c443d16d36e603ca8a4c81ced9e46449bcbd7c6696,3475510,3476208,Deshe was here,43c51c4c1ca812a8e776ff713d1d9d90f046f4ddd0ad30cce8b75cb168cd8770,3476146,f5e56cdb4bccf44a88a31fd49239643efd81aa1cb5e84858f7b7df32cd1f56af,InProofV2Ue8hTWuVHUQAnVtqHk97DDfLvYA7dp5GSaf61TtaBR7eZULBpSnQHWQ3XZv6CoKmZ1RLR68HWGvvb2VENSwNYdwEK6Gv55Kks3GafthW3fuEtmUqZiz33X3MCAdFAnPDKKik
7804f957c13215e6c98d54c443d16d36e603ca8a4c81ced9e46449bcbd7c6696,3475510,3476208,Deshe was here,65f2be64abbbca3c4bcb69267e775906622274d8ebc4b8c1b112d6010cf3f61f,3476138,f8cde5895fcdbc6b4f6f4848bed8f9b696010a0597ba6eb0c27eeeb09869ca3d,InProofV2WGKZTuu72NmXDDi3zWhNgVVnC2XbMXPjK9E4yc6SRjk3HJZQJZkAMNkTajWhzKAMPsi8Uh7xfkUkz5FAWim2ewnmdJMtFhQ6pi7RQfhKrRTq2NXRJoL95pSqxH3jiCWjyWvk
7804f957c13215e6c98d54c443d16d36e603ca8a4c81ced9e46449bcbd7c6696,3475510,3476208,Deshe was here,c1ef384279535a0323daefbea9f323ce71954ddeda65edcfa0f4a2fff2846299,3476137,4b30f52c596fe64e40647698d2461afa3aac78effc5e1e683928d2d011d4cf25,InProofV2jiH8e1oBxXT5L77JKUBtSoLnNJSU2hbXXJx1i7YYFRF5e4ZqcuBvtTpRKEJT6zeF1ZZ67FKWKpUEFQRy1cSLQ8bhMhRbCcjfJDAVbSyQfWb6d16zmVSsfUg3JHRiJZepiFzr
7804f957c13215e6c98d54c443d16d36e603ca8a4c81ced9e46449bcbd7c6696,3475510,3476208,Deshe was here,b5e025811ed6dbd4bf40fc752952fdb4352ebf09b10052f56869e6fa610bafe7,3476134,2b1341d9400acf6c4b7d9f604e497ebcf2c5190e7f3be4782e458ad80d4553e7,InProofV2TfXdWtYBYyYPbW99uzx7GABBDP2acDgZhEHQkPCUscjVbJUdVFSR5jh16PfNGngQyDRrjmLuFWiXi7eoYDQMzG4s6VNLg2d9JXnedc5aghDsEk5oSyKtGzYJTgLGSxL2ZQoj
7804f957c13215e6c98d54c443d16d36e603ca8a4c81ced9e46449bcbd7c6696,3475510,3476208,Deshe was here,3c303b3352a88d2dd28723f4886cdc9b028c96c9d52a5ad6321e79c3d938ea2a,3476130,3d2809a12c20529602ed88d4ff55d68bd42ae6124cb6e3ffb9f91961489a4948,InProofV2VSwTA84YPyiYFi2dnBHYDUCJX5oVKP3wy3xBFYovwyivYpdo6H1LeZAX4N24A7AeFC4jUts2FY8tPgAAC9bLjvvKSPXgEmZF1MGbbZHZP2Ano6AYYcffSAXHS61feBD5XxgE
7804f957c13215e6c98d54c443d16d36e603ca8a4c81ced9e46449bcbd7c6696,3475510,3476208,Deshe was here,2c6f4e76a0fa7cde36f5a2a4f83c2ae1215e22d1a010c709e3ef90ed7a31ca62,3476129,3947ba7e1026e0cd00bbfc35f1af0af983a3b7a3d01c56353438e7bf2ebef44e,InProofV2bcRFLJYgLf9Vpk2Qh5czmpGBgZZvb8JGh4PjjMc79LQk3FGK1999b4KaUNikBrsJfgSAyiTJAdVdSc28Ny5aaiPQJwbRhkFZMNG7JRQyrJbHjbSxhZUrHiHpSH34RYdmU6KE
7804f957c13215e6c98d54c443d16d36e603ca8a4c81ced9e46449bcbd7c6696,3475510,3476208,Deshe was here,7f708dff69335fa212a516624e2c61c5c784b2f3c66cbf8441d6b1dee1787783,3476128,165930cf50942fcc1f9c2c5150d1d29ffa82b880be04307418d936272bfbcf9e,InProofV2dfNNeKj76tGYMZpUsJcQiREeyurt4EGwQiGRMHofLB66fUk73QWsgDXcgbWRYjkt7baJe2zeZG24U2xpAcS6vbu61n2voCZXzy3SuAVGkP4j8xbEyWXGm4f1GJ7XGEN6gwYV
7804f957c13215e6c98d54c443d16d36e603ca8a4c81ced9e46449bcbd7c6696,3475510,3476208,Deshe was here,215b48888a88292f3e8b3580b1da7d1375607c28de97e0cd8152b41767973ea2,3476124,40aeeb79ae5cd4ba88963fa4a9a717064c4b9d3c34987da175604179db83ef58,InProofV2AaRrdFmdQ5QfgUg5sLGeZwMakWRfYFxKofUi71eMoYmjgcsWq22qzajJNG2rJ3M8AvKK1Zt2YDgh8bWqeEiaoNVRYFW43f13uzpAGofwqj9wAX4CtHp8J5S5yc6ZiVX9goCu
7804f957c13215e6c98d54c443d16d36e603ca8a4c81ced9e46449bcbd7c6696,3475510,3476208,Deshe was here,a35dac0aa655b505d7c373123b64084fdaede7d87a4c6bc266a5283a1b73c659,3476123,2e9c694233736516c78edd201de6d8804e1421779da97da87f1eb866283bf002,InProofV2JFFLvv2JsU8PFqfqVFB3e6M4qxCeDZcvmj4w15qw3QCjgysAAwbgF7UXfgWm5EyuaLh8oJz3r3eXzbfYf5uyAUHtaUrYz5pWmpvNLMaUtyup46a4Lhbmzm17o4Z48ZkS12Nk
7804f957c13215e6c98d54c443d16d36e603ca8a4c81ced9e46449bcbd7c6696,3475510,3476208,Deshe was here,9be96b94374a596c2080ee6de27580da8b51955c9bb612b2bad8615ee29eed5a,3476111,743d7027e4c1dffab0f228ebe3cfc9c6abb342dc36d53a507048732319e757c9,InProofV23eSkFwbiUdZUZ3T999KJtzFi63akExY5m4ZpvR8GMoXgR2Q48TCq5LVSpNXXDQB3zFHHGV2DssFk92ERCmjeinYwhC1hsLEJzPRKSb4u69QXAVWLu6m94rVULUr2AGWNeqbQ
7804f957c13215e6c98d54c443d16d36e603ca8a4c81ced9e46449bcbd7c6696,3475510,3476208,Deshe was here,79d7cfb0a0affbe73486f8ca6bf8ace156898a068ed7703f66be7ceaa467a893,3476109,723fe967e3b268a176844f8a8deed45035996071178a89d2523fea70f757da37,InProofV2838U1TREkwmPCeZhhgPUxUGTMVmTXJoW52YQ1u8d847SY3mfWPUSJNADgPdsRdnc3WZJxeXsXVxYFFduUyjetzzMhGFNcGM9q2g6FRaQ6Yr8BJEbHi981GL7DQKYzxkGmHXE
7804f957c13215e6c98d54c443d16d36e603ca8a4c81ced9e46449bcbd7c6696,3475510,3476208,Deshe was here,db84e32513a730e3257cda59b9318d1abd82c022f31d694abaa70b87c8492fa1,3476103,15763deceeb529336007341cb0cb36315a0ea93505a84b17580b9c12baf12d08,InProofV2DUc9MJmDCyceBQpAvx9HV9NRq8GFWWs2hW6iqRp8Zwbt5mhxuftiHLxeEAkx8KkiknY4U5De5z2ESEQ3doGreC8h5U5f68pQBMXU7iDMyrWmWkdSUXsLBB4HTg4GkfjZp26j
7804f957c13215e6c98d54c443d16d36e603ca8a4c81ced9e46449bcbd7c6696,3475510,3476208,Deshe was here,3e1e5ed87dae0c30ff2fcfcd33747a892964011324dd7a078f21094e0efb9fef,3476102,09e22337397aa9a2db561db7af77f347f70ecd0a6d68b21986fb76b303efba31,InProofV2HBfnmBvTALc9YTBYLzdN35Y4kVFye5CVQHSdsDztY92X5mcmKsv224DagbgG7QgF6j5jo9F9ejETjAV7JV8KqMSJKCa1CjbZKqWDjHFQnvJXkqFTgQQ3YfT7eXmswkB5NQFP
7804f957c13215e6c98d54c443d16d36e603ca8a4c81ced9e46449bcbd7c6696,3475510,3476208,Deshe was here,401951a47ff9e8182cda5eb20967cd4abc8b760a7c6c1f91f8b2ee2a6ff93f7c,3476100,3dbdab927cc0e429ccc6b3ced491525643514343e8d08445dd75db42385ea651,InProofV27wHmbT2eW5NiBWKMzTgRHyEnrLfobMo1ZCL4FCknzkLfiE5RiyH9MEvKMqdMMEK9Ry8Yf2xRHYATa26VhSPVirqPDdKMPJiV5ULfrVQBum5X2T4yvhfDqHrFcTQoKtPvMRS7
7804f957c13215e6c98d54c443d16d36e603ca8a4c81ced9e46449bcbd7c6696,3475510,3476208,Deshe was here,11a11c504e3afb74933e80bf394c12fa28841551c3c1cbfce111014aa164e26d,3476099,782c4e648b419c7d250886fcf77cc2b6820d50e4573f7d9e000f318ec0d6f7bf,InProofV2jcswWmEpAzabsTSYai7yRBa52eb3z9rAxUk3JAhhXbcnjMvaZiUwyEVhEPNmtVBGRv1np3p2m6TNt8bDqf3CakVCARdjao3cSnND4N3qtkYLKv9Du5ZHA8mFsJ3f3NDHvNv5
7804f957c13215e6c98d54c443d16d36e603ca8a4c81ced9e46449bcbd7c6696,3475510,3476208,Deshe was here,0d2e156e50f8a6c816a305e8ac15d42b71d3bd0a74fa4871ffadd748afeb9a5a,3476097,5e8df5932cb2efe481664d7ad36ab2efb05b4a73e99997658e85c9ae4134a4e6,InProofV2bUxCrDFshK1fqwy7CPmVeo16QbEyZEKuJ4iPeUQPuh6T7Jdbv2TbwhYHmM8Pb2AXQvbQRcoFq6jigSVqUu8hu1syKvkUa8SFDikdUwg6LsvHb9gDHQz15pkWMPU4zXjzNqdE
7804f957c13215e6c98d54c443d16d36e603ca8a4c81ced9e46449bcbd7c6696,3475510,3476208,Deshe was here,6744b2e05edeea438e26f87f48bde7c7816e2b3d582997e1f7cf4974b90d1e31,3476093,737d6b1e45ac8f0d76dd6425fbaf8e12b22a2fc9af5aadd28fc2a661713940f4,InProofV2b57usru14WtfQtRwkDAdFg2baBhGbh342BJDsP4myeSXW6dqxCdH5pyZaozcotwJwYPfuTQxH1gP5Yu9VHb8TKWpA5Gi2WUeBSU79aNQuUhwgTX7oSxFj9CHW5ufLLwMmymN
7804f957c13215e6c98d54c443d16d36e603ca8a4c81ced9e46449bcbd7c6696,3475510,3476208,Deshe was here,efc166a3e1f0f30c3c7561b8f11b2c821f42c39aacd7c567697014ceb722092f,3476092,dbf3e8cccb19ed1a68936c3334348377d60ed20d89db8f207fb2d6249eedbaac,InProofV2UdQHETVsbxFckFDKmVLvBU6FybS5tEeCAFCDkteDagPajEVcfMMZT9cJPEHdu4ewpvf3HRDb95VLR5hApiYTLfuhR5xzm3puixUDcgdYXBbKfkBwyvZpKb7WyK2NSXg9ZHNZ
7804f957c13215e6c98d54c443d16d36e603ca8a4c81ced9e46449bcbd7c6696,3475510,3476208,Deshe was here,723c712dc79966eb07a8c8e6c079901a280e808fe9a2ae2554558729bf9e2fbf,3476091,a80a7bf10333208f82e88e2c732f7d5b21e26efc74e6528aa82c679868118630,InProofV284gU7erw5jHMTfH3RaMFwyUvW7pCEdwRHUQ3WL6oDftifS3Wp3wc9EwLDB7Pee9rxMEa94gidSSxGBpdPAU2QXTiN1QVtFbAdQLQ8aadTy6tP34bXJUpyreuW2USKitYBf5a
7804f957c13215e6c98d54c443d16d36e603ca8a4c81ced9e46449bcbd7c6696,3475510,3476208,Deshe was here,27f07fd224ccdd29bbdf1e324719226700225466603d117fa7fa3ce96f86dab5,3476088,3adf9dc41dee3394df8137ada21899b85488cf51f613d3a37e1a87111c942f11,InProofV2Fx1svsyQEs25iKzHWB33Fj8X4ViTYkcBFJn7qgByrMVRRYfMWwQogAh5k5MxJj2iVpJdBsg25RL9kFPmTSAy1fwJCurc6dH8QX6a7VAvsnNUxJAV5XJyFYsccLMc49ChCmKd
7804f957c13215e6c98d54c443d16d36e603ca8a4c81ced9e46449bcbd7c6696,3475510,3476208,Deshe was here,b844c53719e902048eaf38e798b147d966bf417ad21bf34d2f45e093e2bd4972,3476087,e2d62df33794200dd71bd5104c397a9d7bf18ed42d2d9a2b4e3ea318ad557354,InProofV2FNvDKyPKg5CPKUzmMZE6zzDY8zaVXjxMq8jm2iR13yiPMN2RZJGQxMgiuApBHWgDCmeunLWCoUAerFVhvKP5vtjDPTteERXMAYKhbfvoM1wnP68r2ZXgSHycpM5YcmZSFFNK
7804f957c13215e6c98d54c443d16d36e603ca8a4c81ced9e46449bcbd7c6696,3475510,3476208,Deshe was here,4f789e8f09f54fc48d3c10e2314f2e10e65d67ca72747ff8af20b0b0654527db,3476084,bcd60ed901d3c808ae015de84e130d67e3198c4a8bc4a8763141d2f9e927e241,InProofV24BDrxJGrqGMWgDGi67BZ7jfRa7em5UD2GfkxSo28yvZBTgREUDtWgA1ZuktbY3RWD2XcUZ4YVCC2JYTEZQUtEcFTLGEs3bkwZt26C7ym46Yy8vGhTHVLvfLV4TM8SqEp8nPD
7804f957c13215e6c98d54c443d16d36e603ca8a4c81ced9e46449bcbd7c6696,3475510,3476208,Deshe was here,3555cd3fabb1cb4615e32d64430a96e17c4d60b28a13c2da99394c4c898ef623,3476081,1662555e7ac2724e986fa00f904d1ae2560b0ec61bf0885385c5d46ebb848487,InProofV2aZCWGVzb15sexE3zhFhAiCbduz8Ghg4xHd96PoCLKGAgbQQnq4sr8xpWwgFntRzHxEFeewD2onbVkNGd3WCji61rXNGNhJVod674o7mLcLq6qwYJz2taemZHkNB5zAc9MMTU
7804f957c13215e6c98d54c443d16d36e603ca8a4c81ced9e46449bcbd7c6696,3475510,3476208,Deshe was here,bf29fb1502985005c1eb2f5dd3bd41253095bac06fb6dc6e68690577af491dd1,3476079,cf0afccbfaebcebea48c0a7ecb19c5a83d4f227e35e220d1667e3da707528b90,InProofV23rzNoDwNqHSW3bG5fPRdwqRjhcdeiEbqzBoF1sEHZdPxAYC7WdawgKF4dcGYkiEP3T8j4vF7q8ouEEGcZ3K4gvM8cMeyqQ7QQ6nYHB9zD9eXK8YZqvmku2zkFFjnHqUuQy2w
7804f957c13215e6c98d54c443d16d36e603ca8a4c81ced9e46449bcbd7c6696,3475510,3476208,Deshe was here,01c35b2aedaf62870c841fefe3bd4640421b2f05a10125c2687299083f88595c,3476078,2f7a4a3f085d5556eb48ed41b1232f8990e86d7e03bce1690a72a014ab5a878c,InProofV2EmP2Y2ZimxLdhrCBrHfqmjLQ4t2BdozPKF9pBG6yKfGtGkugWcgSFvBVfk4Xjh1mz7QdxJX6jdxmWhXParsLcB9fZf2GHBwqmxUL1oALcFYPAScowjGUJNLCsUPa5gyV1mZM
7804f957c13215e6c98d54c443d16d36e603ca8a4c81ced9e46449bcbd7c6696,3475510,3476208,Deshe was here,7f21d1e10b0d32f17809d5cc278bb27008098d534c90e39a5db3b00753d9dd7c,3476077,791b3542f8092ad590f31a14f63060fb10d77ba5b99457fd980a3f38f83bb965,InProofV2XB1PjVxqQ8iCCvodTtiYFeDcCDFgwFTMkGj8yWw3URWgB7waDeEyebieobWrerD1Sw79Ez2hH2NzMDEHgUmy3d2r7W8NzbMeMRM9G3N7ENQzxwS7PVfYGQ6me1L1tfcjfPeS
7804f957c13215e6c98d54c443d16d36e603ca8a4c81ced9e46449bcbd7c6696,3475510,3476208,Deshe was here,0e9391e2433edf2656f8749ce868f23453ea64c767c328354afcc191a256300e,3476073,1f1bb96706bdf416a4ddbad45f689cf6bb2bc8b49bf422ac7c1a92e28c9139b5,InProofV2WYKn3pXSa1f5aGGRBB51q2WHoLgTPaErTBoz5P42qjAG3UCzWcZ75YnRwQ6SAWhM41UivVcKCiMiFa1sUpnDwYzpjJZuzxk4Yy9h5uSAJLfpZo8udAzvcMAJTCwqmbMjER9j
7804f957c13215e6c98d54c443d16d36e603ca8a4c81ced9e46449bcbd7c6696,3475510,3476208,Deshe was here,4b3775e4e96de68aa16bd74e74beafd23bbb616536afd4ca6eab48abf85565d6,3476071,d777f32c0719284fcda82ea44013eddbc3acbfba47da9c40fb94f3d732bfa93d,InProofV2C8C9WsBoKD39yAgG4FkDLJVNzRE2HeXno5o9rtknsr6Ce4dAaqSJbcXAzn5LaTLiYbhZaqX6KYPWzdti7zAh7DY6GwZTrJjSXbb9zLTnvqNUob8sjz9vhojL39Af4azob9ZS
7804f957c13215e6c98d54c443d16d36e603ca8a4c81ced9e46449bcbd7c6696,3475510,3476208,Deshe was here,9c168542c462c8bf48737ca4f2c0db4af71dbc55c6e77c0f65bb1afecd349f66,3476068,2abcb6c4e638f98de4f3d964a23ed174517d976187f722d496c6e4bf06a0b177,InProofV2Dh8X9UwvM95Ho5kp444zRpT6bJn9vhgdvKu8rsSqUvNy8Ujg6Zu9i77KKYhG6z5r6QHYcW1qZame7YqFYnMCX49eA8MfLxbx1dFg7zeRYXuUxLduSKTnYNpxNCzn2ADj66MY
7804f957c13215e6c98d54c443d16d36e603ca8a4c81ced9e46449bcbd7c6696,3475510,3476208,Deshe was here,035b803419f1f5eea47f037b93cdd40468669a1a8ed647642686eb31044fdbb5,3476065,d74f672d7c16133fe4c40b5927030003a0b9dd58b217d95c252d665e8d576d63,InProofV2cPeCZATVC1wKkpK5fy7brrD2eH1EzYH3oFaLPt129V9sAAWtaq9Mv5sg8n5KYUmPpv9nihy6Zd22aULh5p3ankynPhDJvmxuRns6t7sdXYHe181KBruydYZTPPCsjQeS5Z2w
7804f957c13215e6c98d54c443d16d36e603ca8a4c81ced9e46449bcbd7c6696,3475510,3476208,Deshe was here,d14d6a2d169a221039b169b1eda3016cccf21a0f40a8841d2fd0b76b22d9d0d6,3476060,bb9efd7dacaf41d7aafcead1f8895aa8dfc902f8bdf344afb8af791fe8fb948a,InProofV2AFrpzMGXhacfZtwC47QCtaFXUZt7cNgQNPZrSpTz5MM5TR5AD9eZ5pfZn3svNTywXkLKHgip78a5sePei4ZcRHW5MczuEjtQ1SQJhHQz1q29vjfWxzBRK4fXkatvGMC5HNTE
7804f957c13215e6c98d54c443d16d36e603ca8a4c81ced9e46449bcbd7c6696,3475510,3476208,Deshe was here,e6c9d1c4a17f7a120caf2bf11a3169489057f502b77d8931efdf4a2bcae4b505,3476057,e8daa4009930eab8b7900bfdbb9efe17915fe0b855927a1d625d2099d4a28a9b,InProofV2Y5MuVoe5HcYBSwqkZS7pTzSb2BDaA3V8v8awntL3wn7FizoQ8oyWEnpgqcoKJspbSU9sAcg4G57UQSDwT3qtrx558ayFErYMWYmFwa6VQByCjECHoVMNwXKSv8DhuaST8Uxf
7804f957c13215e6c98d54c443d16d36e603ca8a4c81ced9e46449bcbd7c6696,3475510,3476208,Deshe was here,c2d029b25729662f2476d9f668c9208956fa4cb4d9c3d4598c2a75e08b1f2a14,3476056,b389256bde8a967127e4d53c871329582fb4a83f2f63ec45200dca74d32c485b,InProofV2hrR8FdvUHQKPcA4wYwwQryCbGzUAp4MwrdKs8PPSFHQpjH1CyZQJmmYCzjyfiEMqNVafpqsXim1U9X6wVi2r4H2jJgVMXsaNbi16edHXkJAUkk9ikF16PF465YtHFTGkiNKG
7804f957c13215e6c98d54c443d16d36e603ca8a4c81ced9e46449bcbd7c6696,3475510,3476208,Deshe was here,9efa7a62e425153780f0c9655f16f0d9badc1287cdec936bb3f0dbf54f59afec,3476046,da0a6c2e50f355917b68175f9599372b6dc9ec32de3e2c428d2b55ba120f6bc8,InProofV2anDfHBE9aWQD9yDa3K3Rh2Bc1WohRUttzZcw7ESqkpSCPcXmTkAHseeHBuR6e72BG2Go9jsa1oNnU2WiBDkSS2j178fSib4yjCT8bCiojaJchFTfwCCUSXDAG86JtCap725v
7804f957c13215e6c98d54c443d16d36e603ca8a4c81ced9e46449bcbd7c6696,3475510,3476208,Deshe was here,f7f80d6e8fdedfbbb5318a4e43c71f8997adab49d72b34a14399692213925093,3476038,fbccfe4e3d126697d4f70edde0c134f777708a929196eb92ff3e2c82a3fe5e93,InProofV22eK3zYcbTvpMfTixUkziGMhSggNoPSpb5f35qn9XFBy1UTAKyGCzTmm6oPcufPpnSEFND7AAPGskydR7MuDDEWtS3BspwzK8tf4gWDhk6bsT162fY1L9JGWwjS7JUZ8sDyUg
7804f957c13215e6c98d54c443d16d36e603ca8a4c81ced9e46449bcbd7c6696,3475510,3476208,Deshe was here,e3d5e5652e50f8add5d617ce5aa82817fa2199c42605532911618d36ca229225,3476035,cef673877b15d5c1492f91c5ba0b35e879990deb85374e2e045a369edbfe6722,InProofV2hM5yK4mhAQMh2yW9P1rdme67HH8AaE7vuK8oyv1foVopGNmFomsakdj3H2paZV1eeiGAdmvg1cGS1ExuVcevN4d3cWPJoZzpzFcEC4vvaS1wgJGUC1466DPHAgpDX89ws8PZ
7804f957c13215e6c98d54c443d16d36e603ca8a4c81ced9e46449bcbd7c6696,3475510,3476208,Deshe was here,ac8f364974575f8bb57ed2ae3f20e0e4b14a6adcfd24f8fc9992296969aa7aaf,3476033,5c9a58c30ff69c5be1c3dc2fee93c54a26f54f677a398dd4acd0f8b5614c6cb0,InProofV2SvrwqqDf3Xt2x66DVVLH5j6cjvRFwiR7aFN5hnYLKRkvfo62eKgKGgy5EJEjJeLuLKh1PWo7SgZxEGeViHkmUAny1drmGfR62SrFgNkwQKh7mqacLFt1DEGY5Nnns5WfziuN
7804f957c13215e6c98d54c443d16d36e603ca8a4c81ced9e46449bcbd7c6696,3475510,3476208,Deshe was here,c4869038c810b2af33393108710d8a17c7e11c801f5baf47d0a026a38ada93ea,3476030,067a9fb0bbaefd2b17cfccbab6b63d469e515cf882acec0feb985983041fc861,InProofV27so8DrbmrLLAqbJNqsG3JoPEm9EoW32ZQUvAYBb5DiSkXD2dvcQW7v6JZEfiEPoVnVfcKQMEjkVv8H5g4imP8b3JYG3iutB4AdPgNTsvdrm7LuBX9JRJF3bs81Fx6Gu1vJxe
7804f957c13215e6c98d54c443d16d36e603ca8a4c81ced9e46449bcbd7c6696,3475510,3476208,Deshe was here,591927fa1b1ab4cd9509a02bb695e6bd7220ad58d0bff4bfb5be5dd792784dbb,3476023,ec6e20afe1fa1c29ec6c88b2a9c04f7e1fe15046ca5c862b25db732613c40767,InProofV21Wh5Skp1Z35eK894Cz98CXeodL3YdbZgwhLiu7wHu2i12TGvg7ocN8ZTPBJ75jKdHuiyYFrp25sz3LWbHDcgQsqsadVwUGZdhX9MMqmVajT5bXQDHVZAKtBiABYuHQVJLc8w
7804f957c13215e6c98d54c443d16d36e603ca8a4c81ced9e46449bcbd7c6696,3475510,3476208,Deshe was here,2c8c5af26136ee175c887a451f039c693179ff9946f64300f6fc5ae90ad3d5ec,3476019,1674609c4fbe757d973e23783efa4928eff99eec89b34292e66a00ed4ba3339f,InProofV22MicUMqzdztKvTjJHBa3W2Y3tTEnzNkFWUzD82bMcYiE3FGD8NyWFqYZ7nSxGu42ETQtjQ7Vreeer3UvYNbi17H6Kif6rsskBy4WgRqFqSiDEMjZ9zSYqBNJMBMmnQeHzA34
7804f957c13215e6c98d54c443d16d36e603ca8a4c81ced9e46449bcbd7c6696,3475510,3476208,Deshe was here,930687f8c625a21da2e569cf21d392594212424433a2a8741da83771e8973af3,3476016,e04ecc062b75f69f1d1bc1296f9cdc697c5e750c9fb1472f9b3efaf39dc21368,InProofV2C29DVR1f2qR1BkoUY33BEQBg56E9w5cpn1dXKBGMMgL5jfXNK9oMRVaCEq5Lerjj3UXRSXKwbhPFqebwce8PoaSBKnhVYpbaCzDFMhQqbBh4Cx1DKpXcc8cpK9oZjZR3BHvM
7804f957c13215e6c98d54c443d16d36e603ca8a4c81ced9e46449bcbd7c6696,3475510,3476208,Deshe was here,828eb2b85f15945e063d5d82c9683acd2ff09986ded5046c521509f57c2053a6,3476013,71e25914c17157940788ad69d816785c28bbc72929b9cce9c809dda2db70122f,InProofV2Eot17UhGcqSKBrBMtQPF1MYEQQbyA4KwQCevcoWtdQ3aEBbAMDwMqL98w7uXzJKBZ8cKMzwhuHzjvStn4GatrZygQ7yTEt4pEpCcZmG4mKxAJNFaBMkd8i9za8QJd9pKvdAa
7804f957c13215e6c98d54c443d16d36e603ca8a4c81ced9e46449bcbd7c6696,3475510,3476208,Deshe was here,d01352607a061cd0dc4b0a6337710b09544f3d1cb14577c0cba55ead75743cf7,3476012,1a99e0de7445e3d099e48f3656d3a888e6d1321d706af362fdbaebd573188517,InProofV2W4Y4u8urjoLUaEWSmQicsvDawidgKCRAHgPFGkodmaDj2wT21cft96STsy5hcTFGxMVASspYCPfJrBYL1DKsZuBGHWhnpBQZ3yVRQWg9vRmYs9SDVpZSeKWtuKmquQzmCbG4
